影像名称,覆盖网格数,网格总数,基础覆盖率,新增覆盖率,综合评分,是否保留
E:\SURVEY\100_0002\100_0002_0001.JPG,44,4366,0.010078,0.000000,0.005039,是
E:\SURVEY\100_0002\100_0002_0002.JPG,43,4366,0.009849,0.000000,0.004924,否
E:\SURVEY\100_0002\100_0002_0003.JPG,43,4366,0.009849,0.000000,0.004924,否
E:\SURVEY\100_0002\100_0002_0004.JPG,44,4366,0.010078,0.000000,0.005039,是
E:\SURVEY\100_0002\100_0002_0005.JPG,46,4366,0.010536,0.009620,0.010078,是
E:\SURVEY\100_0002\100_0002_0006.JPG,45,4366,0.010307,0.000000,0.005153,是
E:\SURVEY\100_0002\100_0002_0007.JPG,42,4366,0.009620,0.000000,0.004810,否
E:\SURVEY\100_0002\100_0002_0008.JPG,43,4366,0.009849,0.000000,0.004924,否
E:\SURVEY\100_0002\100_0002_0009.JPG,45,4366,0.010307,0.000000,0.005153,是
E:\SURVEY\100_0002\100_0002_0010.JPG,44,4366,0.010078,0.000000,0.005039,是
E:\SURVEY\100_0002\100_0002_0011.JPG,43,4366,0.009849,0.000000,0.004924,否
E:\SURVEY\100_0002\100_0002_0012.JPG,43,4366,0.009849,0.000000,0.004924,否
E:\SURVEY\100_0002\100_0002_0013.JPG,45,4366,0.010307,0.000000,0.005153,是
E:\SURVEY\100_0002\100_0002_0014.JPG,45,4366,0.010307,0.000000,0.005153,是
E:\SURVEY\100_0002\100_0002_0015.JPG,44,4366,0.010078,0.000000,0.005039,是
E:\SURVEY\100_0002\100_0002_0016.JPG,43,4366,0.009849,0.000000,0.004924,否
E:\SURVEY\100_0002\100_0002_0017.JPG,43,4366,0.009849,0.000000,0.004924,否
E:\SURVEY\100_0002\100_0002_0018.JPG,46,4366,0.010536,0.005268,0.007902,是
E:\SURVEY\100_0002\100_0002_0019.JPG,45,4366,0.010307,0.000000,0.005153,是
E:\SURVEY\100_0002\100_0002_0020.JPG,43,4366,0.009849,0.000000,0.004924,否
E:\SURVEY\100_0002\100_0002_0021.JPG,44,4366,0.010078,0.000000,0.005039,是
E:\SURVEY\100_0002\100_0002_0022.JPG,46,4366,0.010536,0.004352,0.007444,是
E:\SURVEY\100_0002\100_0002_0023.JPG,44,4366,0.010078,0.000000,0.005039,是
E:\SURVEY\100_0002\100_0002_0024.JPG,45,4366,0.010307,0.000000,0.005153,是
E:\SURVEY\100_0002\100_0002_0025.JPG,42,4366,0.009620,0.000000,0.004810,否
E:\SURVEY\100_0002\100_0002_0026.JPG,44,4366,0.010078,0.000000,0.005039,是
E:\SURVEY\100_0002\100_0002_0027.JPG,45,4366,0.010307,0.000000,0.005153,是
E:\SURVEY\100_0002\100_0002_0028.JPG,44,4366,0.010078,0.000000,0.005039,是
E:\SURVEY\100_0002\100_0002_0029.JPG,43,4366,0.009849,0.000000,0.004924,否
E:\SURVEY\100_0002\100_0002_0030.JPG,44,4366,0.010078,0.000000,0.005039,是
E:\SURVEY\100_0002\100_0002_0031.JPG,46,4366,0.010536,0.007558,0.009047,是
E:\SURVEY\100_0002\100_0002_0032.JPG,45,4366,0.010307,0.000458,0.005383,是
E:\SURVEY\100_0002\100_0002_0033.JPG,43,4366,0.009849,0.000000,0.004924,否
E:\SURVEY\100_0002\100_0002_0034.JPG,43,4366,0.009849,0.000000,0.004924,否
E:\SURVEY\100_0002\100_0002_0035.JPG,45,4366,0.010307,0.001374,0.005841,是
E:\SURVEY\100_0002\100_0002_0036.JPG,43,4366,0.009849,0.000000,0.004924,否
E:\SURVEY\100_0002\100_0002_0037.JPG,45,4366,0.010307,0.000000,0.005153,是
E:\SURVEY\100_0002\100_0002_0038.JPG,45,4366,0.010307,0.000000,0.005153,是
E:\SURVEY\100_0002\100_0002_0039.JPG,44,4366,0.010078,0.000000,0.005039,是
E:\SURVEY\100_0002\100_0002_0040.JPG,44,4366,0.010078,0.000000,0.005039,是
E:\SURVEY\100_0002\100_0002_0041.JPG,44,4366,0.010078,0.000000,0.005039,是
E:\SURVEY\100_0002\100_0002_0042.JPG,43,4366,0.009849,0.000000,0.004924,否
E:\SURVEY\100_0002\100_0002_0043.JPG,44,4366,0.010078,0.000000,0.005039,是
E:\SURVEY\100_0002\100_0002_0044.JPG,44,4366,0.010078,0.000000,0.005039,是
E:\SURVEY\100_0002\100_0002_0045.JPG,45,4366,0.010307,0.000000,0.005153,是
E:\SURVEY\100_0002\100_0002_0046.JPG,45,4366,0.010307,0.000000,0.005153,是
E:\SURVEY\100_0002\100_0002_0047.JPG,45,4366,0.010307,0.000000,0.005153,是
E:\SURVEY\100_0002\100_0002_0048.JPG,42,4366,0.009620,0.000000,0.004810,否
E:\SURVEY\100_0002\100_0002_0049.JPG,44,4366,0.010078,0.000000,0.005039,是
E:\SURVEY\100_0002\100_0002_0050.JPG,44,4366,0.010078,0.000000,0.005039,是
E:\SURVEY\100_0002\100_0002_0051.JPG,45,4366,0.010307,0.000000,0.005153,是
E:\SURVEY\100_0002\100_0002_0052.JPG,44,4366,0.010078,0.000000,0.005039,是
E:\SURVEY\100_0002\100_0002_0053.JPG,45,4366,0.010307,0.000000,0.005153,是
E:\SURVEY\100_0002\100_0002_0054.JPG,44,4366,0.010078,0.000000,0.005039,是
E:\SURVEY\100_0002\100_0002_0055.JPG,45,4366,0.010307,0.000000,0.005153,是
E:\SURVEY\100_0002\100_0002_0056.JPG,43,4366,0.009849,0.000000,0.004924,否
E:\SURVEY\100_0002\100_0002_0057.JPG,43,4366,0.009849,0.000000,0.004924,否
E:\SURVEY\100_0002\100_0002_0058.JPG,45,4366,0.010307,0.000000,0.005153,是
E:\SURVEY\100_0002\100_0002_0059.JPG,45,4366,0.010307,0.000000,0.005153,是
E:\SURVEY\100_0002\100_0002_0060.JPG,44,4366,0.010078,0.000000,0.005039,是
E:\SURVEY\100_0002\100_0002_0061.JPG,44,4366,0.010078,0.000000,0.005039,是
E:\SURVEY\100_0002\100_0002_0062.JPG,45,4366,0.010307,0.000000,0.005153,是
E:\SURVEY\100_0002\100_0002_0063.JPG,46,4366,0.010536,0.005726,0.008131,是
E:\SURVEY\100_0002\100_0002_0064.JPG,43,4366,0.009849,0.000000,0.004924,否
E:\SURVEY\100_0002\100_0002_0065.JPG,43,4366,0.009849,0.000000,0.004924,否
E:\SURVEY\100_0002\100_0002_0066.JPG,44,4366,0.010078,0.000000,0.005039,是
E:\SURVEY\100_0002\100_0002_0067.JPG,44,4366,0.010078,0.000000,0.005039,是
E:\SURVEY\100_0002\100_0002_0068.JPG,44,4366,0.010078,0.000000,0.005039,是
E:\SURVEY\100_0002\100_0002_0069.JPG,43,4366,0.009849,0.000000,0.004924,否
E:\SURVEY\100_0002\100_0002_0070.JPG,44,4366,0.010078,0.000000,0.005039,是
E:\SURVEY\100_0002\100_0002_0071.JPG,44,4366,0.010078,0.000000,0.005039,是
E:\SURVEY\100_0002\100_0002_0072.JPG,45,4366,0.010307,0.002061,0.006184,是
E:\SURVEY\100_0002\100_0002_0073.JPG,44,4366,0.010078,0.000000,0.005039,是
E:\SURVEY\100_0002\100_0002_0074.JPG,42,4366,0.009620,0.000000,0.004810,否
E:\SURVEY\100_0002\100_0002_0075.JPG,44,4366,0.010078,0.000229,0.005153,是
E:\SURVEY\100_0002\100_0002_0076.JPG,45,4366,0.010307,0.000687,0.005497,是
E:\SURVEY\100_0002\100_0002_0077.JPG,44,4366,0.010078,0.000000,0.005039,是
E:\SURVEY\100_0002\100_0002_0078.JPG,43,4366,0.009849,0.000000,0.004924,否
E:\SURVEY\100_0002\100_0002_0079.JPG,44,4366,0.010078,0.000229,0.005153,是
E:\SURVEY\100_0002\100_0002_0080.JPG,44,4366,0.010078,0.000000,0.005039,是
E:\SURVEY\100_0002\100_0002_0081.JPG,46,4366,0.010536,0.010536,0.010536,是
E:\SURVEY\100_0002\100_0002_0082.JPG,43,4366,0.009849,0.000229,0.005039,是
E:\SURVEY\100_0002\100_0002_0083.JPG,43,4366,0.009849,0.000000,0.004924,否
E:\SURVEY\100_0002\100_0002_0084.JPG,44,4366,0.010078,0.000229,0.005153,是
E:\SURVEY\100_0002\100_0002_0085.JPG,46,4366,0.010536,0.006184,0.008360,是
E:\SURVEY\100_0002\100_0002_0086.JPG,45,4366,0.010307,0.000000,0.005153,是
E:\SURVEY\100_0002\100_0002_0087.JPG,45,4366,0.010307,0.000229,0.005268,是
E:\SURVEY\100_0002\100_0002_0088.JPG,43,4366,0.009849,0.000000,0.004924,否
E:\SURVEY\100_0002\100_0002_0089.JPG,44,4366,0.010078,0.000000,0.005039,是
E:\SURVEY\100_0002\100_0002_0090.JPG,44,4366,0.010078,0.000000,0.005039,是
E:\SURVEY\100_0002\100_0002_0091.JPG,44,4366,0.010078,0.000000,0.005039,是
E:\SURVEY\100_0002\100_0002_0092.JPG,44,4366,0.010078,0.000000,0.005039,是
E:\SURVEY\100_0002\100_0002_0093.JPG,44,4366,0.010078,0.000000,0.005039,是
E:\SURVEY\100_0002\100_0002_0094.JPG,45,4366,0.010307,0.000000,0.005153,是
E:\SURVEY\100_0002\100_0002_0095.JPG,44,4366,0.010078,0.000000,0.005039,是
E:\SURVEY\100_0002\100_0002_0096.JPG,45,4366,0.010307,0.000000,0.005153,是
E:\SURVEY\100_0002\100_0002_0097.JPG,43,4366,0.009849,0.000000,0.004924,否
E:\SURVEY\100_0002\100_0002_0098.JPG,43,4366,0.009849,0.000000,0.004924,否
E:\SURVEY\100_0002\100_0002_0099.JPG,45,4366,0.010307,0.000000,0.005153,是
E:\SURVEY\100_0002\100_0002_0100.JPG,44,4366,0.010078,0.000000,0.005039,是
E:\SURVEY\100_0002\100_0002_0101.JPG,45,4366,0.010307,0.000000,0.005153,是
E:\SURVEY\100_0002\100_0002_0102.JPG,44,4366,0.010078,0.000000,0.005039,是
E:\SURVEY\100_0002\100_0002_0103.JPG,45,4366,0.010307,0.000000,0.005153,是
E:\SURVEY\100_0002\100_0002_0104.JPG,45,4366,0.010307,0.000000,0.005153,是
E:\SURVEY\100_0002\100_0002_0105.JPG,44,4366,0.010078,0.000000,0.005039,是
E:\SURVEY\100_0002\100_0002_0106.JPG,43,4366,0.009849,0.000000,0.004924,否
E:\SURVEY\100_0002\100_0002_0107.JPG,44,4366,0.010078,0.000000,0.005039,是
E:\SURVEY\100_0002\100_0002_0108.JPG,44,4366,0.010078,0.000000,0.005039,是
E:\SURVEY\100_0002\100_0002_0109.JPG,45,4366,0.010307,0.000000,0.005153,是
E:\SURVEY\100_0002\100_0002_0110.JPG,43,4366,0.009849,0.000000,0.004924,否
E:\SURVEY\100_0002\100_0002_0111.JPG,44,4366,0.010078,0.000000,0.005039,是
E:\SURVEY\100_0002\100_0002_0112.JPG,45,4366,0.010307,0.000000,0.005153,是
E:\SURVEY\100_0002\100_0002_0113.JPG,44,4366,0.010078,0.000000,0.005039,是
E:\SURVEY\100_0002\100_0002_0114.JPG,44,4366,0.010078,0.000000,0.005039,是
E:\SURVEY\100_0002\100_0002_0115.JPG,44,4366,0.010078,0.000000,0.005039,是
E:\SURVEY\100_0002\100_0002_0116.JPG,44,4366,0.010078,0.000000,0.005039,是
E:\SURVEY\100_0002\100_0002_0117.JPG,45,4366,0.010307,0.000000,0.005153,是
E:\SURVEY\100_0002\100_0002_0118.JPG,45,4366,0.010307,0.000000,0.005153,是
E:\SURVEY\100_0002\100_0002_0119.JPG,44,4366,0.010078,0.000000,0.005039,是
E:\SURVEY\100_0002\100_0002_0120.JPG,45,4366,0.010307,0.000000,0.005153,是
E:\SURVEY\100_0002\100_0002_0121.JPG,43,4366,0.009849,0.000000,0.004924,否
E:\SURVEY\100_0002\100_0002_0122.JPG,45,4366,0.010307,0.000000,0.005153,是
E:\SURVEY\100_0002\100_0002_0123.JPG,43,4366,0.009849,0.000000,0.004924,否
E:\SURVEY\100_0002\100_0002_0124.JPG,43,4366,0.009849,0.000000,0.004924,否
E:\SURVEY\100_0002\100_0002_0125.JPG,44,4366,0.010078,0.000000,0.005039,是
E:\SURVEY\100_0002\100_0002_0126.JPG,45,4366,0.010307,0.000000,0.005153,是
E:\SURVEY\100_0002\100_0002_0127.JPG,44,4366,0.010078,0.000000,0.005039,是
E:\SURVEY\100_0002\100_0002_0128.JPG,43,4366,0.009849,0.000000,0.004924,否
E:\SURVEY\100_0002\100_0002_0129.JPG,43,4366,0.009849,0.000000,0.004924,否
E:\SURVEY\100_0002\100_0002_0130.JPG,44,4366,0.010078,0.000000,0.005039,是
E:\SURVEY\100_0002\100_0002_0131.JPG,44,4366,0.010078,0.000000,0.005039,是
E:\SURVEY\100_0002\100_0002_0132.JPG,44,4366,0.010078,0.000000,0.005039,是
E:\SURVEY\100_0002\100_0002_0133.JPG,43,4366,0.009849,0.000000,0.004924,否
E:\SURVEY\100_0002\100_0002_0134.JPG,44,4366,0.010078,0.000000,0.005039,是
E:\SURVEY\100_0002\100_0002_0135.JPG,46,4366,0.010536,0.006871,0.008704,是
E:\SURVEY\100_0002\100_0002_0136.JPG,44,4366,0.010078,0.000000,0.005039,是
E:\SURVEY\100_0002\100_0002_0137.JPG,45,4366,0.010307,0.000000,0.005153,是
E:\SURVEY\100_0002\100_0002_0138.JPG,45,4366,0.010307,0.000000,0.005153,是
E:\SURVEY\100_0002\100_0002_0139.JPG,44,4366,0.010078,0.000000,0.005039,是
E:\SURVEY\100_0002\100_0002_0140.JPG,44,4366,0.010078,0.000000,0.005039,是
E:\SURVEY\100_0002\100_0002_0141.JPG,45,4366,0.010307,0.000000,0.005153,是
E:\SURVEY\100_0002\100_0002_0142.JPG,43,4366,0.009849,0.000000,0.004924,否
E:\SURVEY\100_0002\100_0002_0143.JPG,45,4366,0.010307,0.000000,0.005153,是
E:\SURVEY\100_0002\100_0002_0144.JPG,43,4366,0.009849,0.000000,0.004924,否
E:\SURVEY\100_0002\100_0002_0145.JPG,44,4366,0.010078,0.000000,0.005039,是
E:\SURVEY\100_0002\100_0002_0146.JPG,44,4366,0.010078,0.000000,0.005039,是
E:\SURVEY\100_0002\100_0002_0147.JPG,45,4366,0.010307,0.000000,0.005153,是
E:\SURVEY\100_0002\100_0002_0148.JPG,44,4366,0.010078,0.000000,0.005039,是
E:\SURVEY\100_0002\100_0002_0149.JPG,44,4366,0.010078,0.000000,0.005039,是
E:\SURVEY\100_0002\100_0002_0150.JPG,43,4366,0.009849,0.000000,0.004924,否
E:\SURVEY\100_0002\100_0002_0151.JPG,45,4366,0.010307,0.000000,0.005153,是
E:\SURVEY\100_0002\100_0002_0152.JPG,44,4366,0.010078,0.000000,0.005039,是
E:\SURVEY\100_0002\100_0002_0153.JPG,44,4366,0.010078,0.000000,0.005039,是
E:\SURVEY\100_0002\100_0002_0154.JPG,44,4366,0.010078,0.000000,0.005039,是
E:\SURVEY\100_0002\100_0002_0155.JPG,44,4366,0.010078,0.000000,0.005039,是
E:\SURVEY\100_0002\100_0002_0156.JPG,45,4366,0.010307,0.000000,0.005153,是
E:\SURVEY\100_0002\100_0002_0157.JPG,43,4366,0.009849,0.000000,0.004924,否
E:\SURVEY\100_0002\100_0002_0158.JPG,43,4366,0.009849,0.000000,0.004924,否
E:\SURVEY\100_0002\100_0002_0159.JPG,44,4366,0.010078,0.000000,0.005039,是
E:\SURVEY\100_0002\100_0002_0160.JPG,45,4366,0.010307,0.000000,0.005153,是
E:\SURVEY\100_0002\100_0002_0161.JPG,43,4366,0.009849,0.000000,0.004924,否
E:\SURVEY\100_0002\100_0002_0162.JPG,43,4366,0.009849,0.000000,0.004924,否
E:\SURVEY\100_0002\100_0002_0163.JPG,44,4366,0.010078,0.000000,0.005039,是
E:\SURVEY\100_0002\100_0002_0164.JPG,46,4366,0.010536,0.003665,0.007100,是
E:\SURVEY\100_0002\100_0002_0165.JPG,44,4366,0.010078,0.000000,0.005039,是
E:\SURVEY\100_0002\100_0002_0166.JPG,42,4366,0.009620,0.000000,0.004810,否
E:\SURVEY\100_0002\100_0002_0167.JPG,43,4366,0.009849,0.000000,0.004924,否
E:\SURVEY\100_0002\100_0002_0168.JPG,44,4366,0.010078,0.000000,0.005039,是
E:\SURVEY\100_0002\100_0002_0169.JPG,45,4366,0.010307,0.000000,0.005153,是
E:\SURVEY\100_0002\100_0002_0170.JPG,44,4366,0.010078,0.000000,0.005039,是
E:\SURVEY\100_0002\100_0002_0171.JPG,43,4366,0.009849,0.000000,0.004924,否
E:\SURVEY\100_0002\100_0002_0172.JPG,45,4366,0.010307,0.000000,0.005153,是
E:\SURVEY\100_0002\100_0002_0173.JPG,45,4366,0.010307,0.000000,0.005153,是
E:\SURVEY\100_0002\100_0002_0174.JPG,46,4366,0.010536,0.010078,0.010307,是
E:\SURVEY\100_0002\100_0002_0175.JPG,42,4366,0.009620,0.000000,0.004810,否
E:\SURVEY\100_0002\100_0002_0176.JPG,43,4366,0.009849,0.000000,0.004924,否
E:\SURVEY\100_0002\100_0002_0177.JPG,46,4366,0.010536,0.002061,0.006299,是
E:\SURVEY\100_0002\100_0002_0178.JPG,45,4366,0.010307,0.000000,0.005153,是
E:\SURVEY\100_0002\100_0002_0179.JPG,43,4366,0.009849,0.000000,0.004924,否
E:\SURVEY\100_0002\100_0002_0180.JPG,43,4366,0.009849,0.000000,0.004924,否
E:\SURVEY\100_0002\100_0002_0181.JPG,45,4366,0.010307,0.000000,0.005153,是
E:\SURVEY\100_0002\100_0002_0182.JPG,44,4366,0.010078,0.000000,0.005039,是
E:\SURVEY\100_0002\100_0002_0183.JPG,44,4366,0.010078,0.000000,0.005039,是
E:\SURVEY\100_0002\100_0002_0184.JPG,42,4366,0.009620,0.000000,0.004810,否
E:\SURVEY\100_0002\100_0002_0185.JPG,44,4366,0.010078,0.000000,0.005039,是
E:\SURVEY\100_0002\100_0002_0186.JPG,43,4366,0.009849,0.000000,0.004924,否
E:\SURVEY\100_0002\100_0002_0187.JPG,45,4366,0.010307,0.000687,0.005497,是
E:\SURVEY\100_0002\100_0002_0188.JPG,43,4366,0.009849,0.000000,0.004924,否
E:\SURVEY\100_0002\100_0002_0189.JPG,44,4366,0.010078,0.000000,0.005039,是
E:\SURVEY\100_0002\100_0002_0190.JPG,44,4366,0.010078,0.000000,0.005039,是
E:\SURVEY\100_0002\100_0002_0191.JPG,44,4366,0.010078,0.000000,0.005039,是
E:\SURVEY\100_0002\100_0002_0192.JPG,45,4366,0.010307,0.000000,0.005153,是
E:\SURVEY\100_0002\100_0002_0193.JPG,45,4366,0.010307,0.000000,0.005153,是
E:\SURVEY\100_0002\100_0002_0194.JPG,45,4366,0.010307,0.000000,0.005153,是
E:\SURVEY\100_0002\100_0002_0195.JPG,42,4366,0.009620,0.000000,0.004810,否
E:\SURVEY\100_0002\100_0002_0196.JPG,44,4366,0.010078,0.000000,0.005039,是
E:\SURVEY\100_0002\100_0002_0197.JPG,45,4366,0.010307,0.000000,0.005153,是
E:\SURVEY\100_0002\100_0002_0198.JPG,45,4366,0.010307,0.000000,0.005153,是
E:\SURVEY\100_0002\100_0002_0199.JPG,44,4366,0.010078,0.000000,0.005039,是
E:\SURVEY\100_0002\100_0002_0200.JPG,44,4366,0.010078,0.000000,0.005039,是
E:\SURVEY\100_0002\100_0002_0201.JPG,45,4366,0.010307,0.000000,0.005153,是
E:\SURVEY\100_0002\100_0002_0202.JPG,45,4366,0.010307,0.000000,0.005153,是
E:\SURVEY\100_0002\100_0002_0203.JPG,44,4366,0.010078,0.000000,0.005039,是
E:\SURVEY\100_0002\100_0002_0204.JPG,43,4366,0.009849,0.000000,0.004924,否
E:\SURVEY\100_0002\100_0002_0205.JPG,44,4366,0.010078,0.000000,0.005039,是
E:\SURVEY\100_0002\100_0002_0206.JPG,45,4366,0.010307,0.000000,0.005153,是
E:\SURVEY\100_0002\100_0002_0207.JPG,44,4366,0.010078,0.000000,0.005039,是
E:\SURVEY\100_0002\100_0002_0208.JPG,43,4366,0.009849,0.000000,0.004924,否
E:\SURVEY\100_0002\100_0002_0209.JPG,44,4366,0.010078,0.000000,0.005039,是
E:\SURVEY\100_0002\100_0002_0210.JPG,45,4366,0.010307,0.000000,0.005153,是
E:\SURVEY\100_0002\100_0002_0211.JPG,45,4366,0.010307,0.000000,0.005153,是
E:\SURVEY\100_0002\100_0002_0212.JPG,42,4366,0.009620,0.000000,0.004810,否
E:\SURVEY\100_0002\100_0002_0213.JPG,42,4366,0.009620,0.000000,0.004810,否
E:\SURVEY\100_0002\100_0002_0214.JPG,44,4366,0.010078,0.000000,0.005039,是
E:\SURVEY\100_0002\100_0002_0215.JPG,45,4366,0.010307,0.000000,0.005153,是
E:\SURVEY\100_0002\100_0002_0216.JPG,44,4366,0.010078,0.000000,0.005039,是
E:\SURVEY\100_0002\100_0002_0217.JPG,44,4366,0.010078,0.000000,0.005039,是
E:\SURVEY\100_0002\100_0002_0218.JPG,43,4366,0.009849,0.000000,0.004924,否
E:\SURVEY\100_0002\100_0002_0219.JPG,45,4366,0.010307,0.000000,0.005153,是
E:\SURVEY\100_0002\100_0002_0220.JPG,45,4366,0.010307,0.000000,0.005153,是
E:\SURVEY\100_0002\100_0002_0221.JPG,43,4366,0.009849,0.000000,0.004924,否
E:\SURVEY\100_0002\100_0002_0222.JPG,43,4366,0.009849,0.000000,0.004924,否
E:\SURVEY\100_0002\100_0002_0223.JPG,45,4366,0.010307,0.000000,0.005153,是
E:\SURVEY\100_0002\100_0002_0224.JPG,46,4366,0.010536,0.000687,0.005612,是
E:\SURVEY\100_0002\100_0002_0225.JPG,43,4366,0.009849,0.000000,0.004924,否
E:\SURVEY\100_0002\100_0002_0226.JPG,43,4366,0.009849,0.000000,0.004924,否
E:\SURVEY\100_0002\100_0002_0227.JPG,43,4366,0.009849,0.000000,0.004924,否
E:\SURVEY\100_0002\100_0002_0228.JPG,44,4366,0.010078,0.000000,0.005039,是
E:\SURVEY\100_0002\100_0002_0229.JPG,44,4366,0.010078,0.000000,0.005039,是
E:\SURVEY\100_0002\100_0002_0230.JPG,44,4366,0.010078,0.000000,0.005039,是
E:\SURVEY\100_0002\100_0002_0231.JPG,43,4366,0.009849,0.000000,0.004924,否
E:\SURVEY\100_0002\100_0002_0232.JPG,46,4366,0.010536,0.001145,0.005841,是
E:\SURVEY\100_0002\100_0002_0233.JPG,43,4366,0.009849,0.000000,0.004924,否
E:\SURVEY\100_0002\100_0002_0234.JPG,43,4366,0.009849,0.000000,0.004924,否
E:\SURVEY\100_0002\100_0002_0235.JPG,43,4366,0.009849,0.000000,0.004924,否
E:\SURVEY\100_0002\100_0002_0236.JPG,43,4366,0.009849,0.000458,0.005153,是
E:\SURVEY\100_0002\100_0002_0237.JPG,43,4366,0.009849,0.000000,0.004924,否
E:\SURVEY\100_0002\100_0002_0238.JPG,45,4366,0.010307,0.000000,0.005153,是
E:\SURVEY\100_0002\100_0002_0239.JPG,45,4366,0.010307,0.000000,0.005153,是
E:\SURVEY\100_0002\100_0002_0240.JPG,43,4366,0.009849,0.000000,0.004924,否
E:\SURVEY\100_0002\100_0002_0241.JPG,44,4366,0.010078,0.000000,0.005039,是
E:\SURVEY\100_0002\100_0002_0242.JPG,45,4366,0.010307,0.000000,0.005153,是
E:\SURVEY\100_0002\100_0002_0243.JPG,44,4366,0.010078,0.000000,0.005039,是
E:\SURVEY\100_0002\100_0002_0244.JPG,43,4366,0.009849,0.000000,0.004924,否
E:\SURVEY\100_0002\100_0002_0245.JPG,43,4366,0.009849,0.000000,0.004924,否
E:\SURVEY\100_0002\100_0002_0246.JPG,45,4366,0.010307,0.000000,0.005153,是
E:\SURVEY\100_0002\100_0002_0247.JPG,44,4366,0.010078,0.000000,0.005039,是
E:\SURVEY\100_0002\100_0002_0248.JPG,43,4366,0.009849,0.000000,0.004924,否
E:\SURVEY\100_0002\100_0002_0249.JPG,43,4366,0.009849,0.000000,0.004924,否
E:\SURVEY\100_0002\100_0002_0250.JPG,45,4366,0.010307,0.000000,0.005153,是
E:\SURVEY\100_0002\100_0002_0251.JPG,45,4366,0.010307,0.000000,0.005153,是
E:\SURVEY\100_0002\100_0002_0252.JPG,45,4366,0.010307,0.000000,0.005153,是
E:\SURVEY\100_0002\100_0002_0253.JPG,43,4366,0.009849,0.000000,0.004924,否
E:\SURVEY\100_0002\100_0002_0254.JPG,43,4366,0.009849,0.000000,0.004924,否
E:\SURVEY\100_0002\100_0002_0255.JPG,45,4366,0.010307,0.000000,0.005153,是
E:\SURVEY\100_0002\100_0002_0256.JPG,44,4366,0.010078,0.000000,0.005039,是
E:\SURVEY\100_0002\100_0002_0257.JPG,44,4366,0.010078,0.000000,0.005039,是
E:\SURVEY\100_0002\100_0002_0258.JPG,43,4366,0.009849,0.000000,0.004924,否
E:\SURVEY\100_0002\100_0002_0259.JPG,46,4366,0.010536,0.001145,0.005841,是
E:\SURVEY\100_0002\100_0002_0260.JPG,45,4366,0.010307,0.000000,0.005153,是
E:\SURVEY\100_0002\100_0002_0261.JPG,44,4366,0.010078,0.000000,0.005039,是
E:\SURVEY\100_0002\100_0002_0262.JPG,43,4366,0.009849,0.000000,0.004924,否
E:\SURVEY\100_0002\100_0002_0263.JPG,44,4366,0.010078,0.000000,0.005039,是
E:\SURVEY\100_0002\100_0002_0264.JPG,45,4366,0.010307,0.000000,0.005153,是
E:\SURVEY\100_0002\100_0002_0265.JPG,43,4366,0.009849,0.000000,0.004924,否
E:\SURVEY\100_0002\100_0002_0266.JPG,43,4366,0.009849,0.000000,0.004924,否
E:\SURVEY\100_0002\100_0002_0267.JPG,44,4366,0.010078,0.000000,0.005039,是
E:\SURVEY\100_0002\100_0002_0268.JPG,46,4366,0.010536,0.005497,0.008016,是
E:\SURVEY\100_0002\100_0002_0269.JPG,45,4366,0.010307,0.000229,0.005268,是
E:\SURVEY\100_0002\100_0002_0270.JPG,45,4366,0.010307,0.000229,0.005268,是
E:\SURVEY\100_0002\100_0002_0271.JPG,42,4366,0.009620,0.000000,0.004810,否
E:\SURVEY\100_0002\100_0002_0272.JPG,45,4366,0.010307,0.000000,0.005153,是
E:\SURVEY\100_0002\100_0002_0273.JPG,44,4366,0.010078,0.000000,0.005039,是
E:\SURVEY\100_0002\100_0002_0274.JPG,43,4366,0.009849,0.000000,0.004924,否
E:\SURVEY\100_0002\100_0002_0275.JPG,43,4366,0.009849,0.000000,0.004924,否
E:\SURVEY\100_0002\100_0002_0276.JPG,45,4366,0.010307,0.000000,0.005153,是
E:\SURVEY\100_0002\100_0002_0277.JPG,45,4366,0.010307,0.000000,0.005153,是
E:\SURVEY\100_0002\100_0002_0278.JPG,44,4366,0.010078,0.000000,0.005039,是
E:\SURVEY\100_0002\100_0002_0279.JPG,43,4366,0.009849,0.000000,0.004924,否
E:\SURVEY\100_0002\100_0002_0280.JPG,44,4366,0.010078,0.000000,0.005039,是
E:\SURVEY\100_0002\100_0002_0281.JPG,44,4366,0.010078,0.000000,0.005039,是
E:\SURVEY\100_0002\100_0002_0282.JPG,45,4366,0.010307,0.000000,0.005153,是
E:\SURVEY\100_0002\100_0002_0283.JPG,45,4366,0.010307,0.000000,0.005153,是
E:\SURVEY\100_0002\100_0002_0284.JPG,43,4366,0.009849,0.000000,0.004924,否
E:\SURVEY\100_0002\100_0002_0285.JPG,46,4366,0.010536,0.005955,0.008246,是
E:\SURVEY\100_0002\100_0002_0286.JPG,45,4366,0.010307,0.000687,0.005497,是
E:\SURVEY\100_0002\100_0002_0287.JPG,45,4366,0.010307,0.000687,0.005497,是
E:\SURVEY\100_0002\100_0002_0288.JPG,45,4366,0.010307,0.000229,0.005268,是
E:\SURVEY\100_0002\100_0002_0289.JPG,44,4366,0.010078,0.000000,0.005039,是
E:\SURVEY\100_0002\100_0002_0290.JPG,44,4366,0.010078,0.000000,0.005039,是
E:\SURVEY\100_0002\100_0002_0291.JPG,44,4366,0.010078,0.000000,0.005039,是
E:\SURVEY\100_0002\100_0002_0292.JPG,44,4366,0.010078,0.000000,0.005039,是
E:\SURVEY\100_0002\100_0002_0293.JPG,44,4366,0.010078,0.000000,0.005039,是
E:\SURVEY\100_0002\100_0002_0294.JPG,44,4366,0.010078,0.000000,0.005039,是
E:\SURVEY\100_0002\100_0002_0295.JPG,43,4366,0.009849,0.000000,0.004924,否
E:\SURVEY\100_0002\100_0002_0296.JPG,44,4366,0.010078,0.000000,0.005039,是
E:\SURVEY\100_0002\100_0002_0297.JPG,44,4366,0.010078,0.000000,0.005039,是
E:\SURVEY\100_0002\100_0002_0298.JPG,44,4366,0.010078,0.000000,0.005039,是
E:\SURVEY\100_0002\100_0002_0299.JPG,44,4366,0.010078,0.000000,0.005039,是
E:\SURVEY\100_0002\100_0002_0300.JPG,44,4366,0.010078,0.000000,0.005039,是
E:\SURVEY\100_0002\100_0002_0301.JPG,46,4366,0.010536,0.002290,0.006413,是
E:\SURVEY\100_0002\100_0002_0302.JPG,45,4366,0.010307,0.000000,0.005153,是
E:\SURVEY\100_0002\100_0002_0303.JPG,46,4366,0.010536,0.000458,0.005497,是
E:\SURVEY\100_0002\100_0002_0304.JPG,46,4366,0.010536,0.000000,0.005268,是
E:\SURVEY\100_0002\100_0002_0305.JPG,44,4366,0.010078,0.000000,0.005039,是
E:\SURVEY\100_0002\100_0002_0306.JPG,45,4366,0.010307,0.000000,0.005153,是
E:\SURVEY\100_0002\100_0002_0307.JPG,46,4366,0.010536,0.000000,0.005268,是
E:\SURVEY\100_0002\100_0002_0308.JPG,47,4366,0.010765,0.010765,0.010765,是
E:\SURVEY\100_0002\100_0002_0309.JPG,44,4366,0.010078,0.000000,0.005039,是
E:\SURVEY\100_0002\100_0002_0310.JPG,44,4366,0.010078,0.000000,0.005039,是
E:\SURVEY\100_0002\100_0002_0311.JPG,46,4366,0.010536,0.000000,0.005268,是
E:\SURVEY\100_0002\100_0002_0312.JPG,46,4366,0.010536,0.000000,0.005268,是
E:\SURVEY\100_0002\100_0002_0313.JPG,46,4366,0.010536,0.000000,0.005268,是
E:\SURVEY\100_0002\100_0002_0314.JPG,45,4366,0.010307,0.000000,0.005153,是
E:\SURVEY\100_0002\100_0002_0315.JPG,46,4366,0.010536,0.000000,0.005268,是
E:\SURVEY\100_0002\100_0002_0316.JPG,47,4366,0.010765,0.010765,0.010765,是
E:\SURVEY\100_0002\100_0002_0317.JPG,46,4366,0.010536,0.000000,0.005268,是
E:\SURVEY\100_0002\100_0002_0318.JPG,46,4366,0.010536,0.000000,0.005268,是
E:\SURVEY\100_0002\100_0002_0319.JPG,45,4366,0.010307,0.000000,0.005153,是
E:\SURVEY\100_0002\100_0002_0320.JPG,46,4366,0.010536,0.000229,0.005383,是
E:\SURVEY\100_0002\100_0002_0321.JPG,47,4366,0.010765,0.007787,0.009276,是
E:\SURVEY\100_0002\100_0002_0322.JPG,46,4366,0.010536,0.000000,0.005268,是
E:\SURVEY\100_0002\100_0002_0323.JPG,45,4366,0.010307,0.000000,0.005153,是
E:\SURVEY\100_0002\100_0002_0324.JPG,46,4366,0.010536,0.000687,0.005612,是
E:\SURVEY\100_0002\100_0002_0325.JPG,46,4366,0.010536,0.000000,0.005268,是
E:\SURVEY\100_0002\100_0002_0326.JPG,46,4366,0.010536,0.000000,0.005268,是
E:\SURVEY\100_0002\100_0002_0327.JPG,46,4366,0.010536,0.000000,0.005268,是
E:\SURVEY\100_0002\100_0002_0328.JPG,45,4366,0.010307,0.000000,0.005153,是
E:\SURVEY\100_0002\100_0002_0329.JPG,47,4366,0.010765,0.008246,0.009505,是
E:\SURVEY\100_0002\100_0002_0330.JPG,46,4366,0.010536,0.000000,0.005268,是
E:\SURVEY\100_0002\100_0002_0331.JPG,46,4366,0.010536,0.000000,0.005268,是
E:\SURVEY\100_0002\100_0002_0332.JPG,46,4366,0.010536,0.000000,0.005268,是
E:\SURVEY\100_0002\100_0002_0333.JPG,45,4366,0.010307,0.000000,0.005153,是
E:\SURVEY\100_0002\100_0002_0334.JPG,46,4366,0.010536,0.000916,0.005726,是
E:\SURVEY\100_0002\100_0002_0335.JPG,45,4366,0.010307,0.000458,0.005383,是
E:\SURVEY\100_0002\100_0002_0336.JPG,44,4366,0.010078,0.000000,0.005039,是
E:\SURVEY\100_0002\100_0002_0337.JPG,46,4366,0.010536,0.000916,0.005726,是
E:\SURVEY\100_0002\100_0002_0338.JPG,48,4366,0.010994,0.010994,0.010994,是
E:\SURVEY\100_0002\100_0002_0339.JPG,44,4366,0.010078,0.000000,0.005039,是
E:\SURVEY\100_0002\100_0002_0340.JPG,46,4366,0.010536,0.000916,0.005726,是
E:\SURVEY\100_0002\100_0002_0341.JPG,45,4366,0.010307,0.000000,0.005153,是
E:\SURVEY\100_0002\100_0002_0342.JPG,44,4366,0.010078,0.000000,0.005039,是
E:\SURVEY\100_0002\100_0002_0343.JPG,43,4366,0.009849,0.000000,0.004924,否
E:\SURVEY\100_0002\100_0002_0344.JPG,45,4366,0.010307,0.000000,0.005153,是
E:\SURVEY\100_0002\100_0002_0345.JPG,46,4366,0.010536,0.000000,0.005268,是
E:\SURVEY\100_0002\100_0002_0346.JPG,45,4366,0.010307,0.000000,0.005153,是
E:\SURVEY\100_0002\100_0002_0347.JPG,43,4366,0.009849,0.000000,0.004924,否
E:\SURVEY\100_0002\100_0002_0348.JPG,45,4366,0.010307,0.000000,0.005153,是
E:\SURVEY\100_0002\100_0002_0349.JPG,45,4366,0.010307,0.000000,0.005153,是
E:\SURVEY\100_0002\100_0002_0350.JPG,45,4366,0.010307,0.000000,0.005153,是
E:\SURVEY\100_0002\100_0002_0351.JPG,43,4366,0.009849,0.000000,0.004924,否
E:\SURVEY\100_0002\100_0002_0352.JPG,44,4366,0.010078,0.000000,0.005039,是
E:\SURVEY\100_0002\100_0002_0353.JPG,46,4366,0.010536,0.000229,0.005383,是
E:\SURVEY\100_0002\100_0002_0354.JPG,47,4366,0.010765,0.002519,0.006642,是
E:\SURVEY\100_0002\100_0002_0355.JPG,47,4366,0.010765,0.000458,0.005612,是
E:\SURVEY\100_0002\100_0002_0356.JPG,46,4366,0.010536,0.000000,0.005268,是
E:\SURVEY\100_0002\100_0002_0357.JPG,44,4366,0.010078,0.000000,0.005039,是
E:\SURVEY\100_0002\100_0002_0358.JPG,45,4366,0.010307,0.000000,0.005153,是
E:\SURVEY\100_0002\100_0002_0359.JPG,44,4366,0.010078,0.000000,0.005039,是
E:\SURVEY\100_0002\100_0002_0360.JPG,43,4366,0.009849,0.000000,0.004924,否
E:\SURVEY\100_0002\100_0002_0361.JPG,45,4366,0.010307,0.000000,0.005153,是
E:\SURVEY\100_0003\100_0003_0001.JPG,44,4366,0.010078,0.000000,0.005039,是
E:\SURVEY\100_0003\100_0003_0002.JPG,46,4366,0.010536,0.000687,0.005612,是
E:\SURVEY\100_0003\100_0003_0003.JPG,46,4366,0.010536,0.000687,0.005612,是
E:\SURVEY\100_0003\100_0003_0004.JPG,43,4366,0.009849,0.000000,0.004924,否
E:\SURVEY\100_0003\100_0003_0005.JPG,45,4366,0.010307,0.000000,0.005153,是
E:\SURVEY\100_0003\100_0003_0006.JPG,43,4366,0.009849,0.000000,0.004924,否
E:\SURVEY\100_0003\100_0003_0007.JPG,44,4366,0.010078,0.000000,0.005039,是
E:\SURVEY\100_0003\100_0003_0008.JPG,44,4366,0.010078,0.000000,0.005039,是
E:\SURVEY\100_0003\100_0003_0009.JPG,45,4366,0.010307,0.000000,0.005153,是
E:\SURVEY\100_0003\100_0003_0010.JPG,44,4366,0.010078,0.000000,0.005039,是
E:\SURVEY\100_0003\100_0003_0011.JPG,44,4366,0.010078,0.000000,0.005039,是
E:\SURVEY\100_0003\100_0003_0012.JPG,45,4366,0.010307,0.001145,0.005726,是
E:\SURVEY\100_0003\100_0003_0013.JPG,45,4366,0.010307,0.000229,0.005268,是
E:\SURVEY\100_0003\100_0003_0014.JPG,43,4366,0.009849,0.000000,0.004924,否
E:\SURVEY\100_0003\100_0003_0015.JPG,44,4366,0.010078,0.000000,0.005039,是
E:\SURVEY\100_0003\100_0003_0016.JPG,45,4366,0.010307,0.000229,0.005268,是
E:\SURVEY\100_0003\100_0003_0017.JPG,43,4366,0.009849,0.000000,0.004924,否
E:\SURVEY\100_0003\100_0003_0018.JPG,44,4366,0.010078,0.000000,0.005039,是
E:\SURVEY\100_0003\100_0003_0019.JPG,44,4366,0.010078,0.000000,0.005039,是
E:\SURVEY\100_0003\100_0003_0020.JPG,45,4366,0.010307,0.000000,0.005153,是
E:\SURVEY\100_0003\100_0003_0021.JPG,45,4366,0.010307,0.000000,0.005153,是
E:\SURVEY\100_0003\100_0003_0022.JPG,44,4366,0.010078,0.000000,0.005039,是
E:\SURVEY\100_0003\100_0003_0023.JPG,43,4366,0.009849,0.000000,0.004924,否
E:\SURVEY\100_0003\100_0003_0024.JPG,43,4366,0.009849,0.000000,0.004924,否
E:\SURVEY\100_0003\100_0003_0025.JPG,44,4366,0.010078,0.000000,0.005039,是
E:\SURVEY\100_0003\100_0003_0026.JPG,45,4366,0.010307,0.000000,0.005153,是
E:\SURVEY\100_0003\100_0003_0027.JPG,44,4366,0.010078,0.000687,0.005383,是
E:\SURVEY\100_0003\100_0003_0028.JPG,44,4366,0.010078,0.000000,0.005039,是
E:\SURVEY\100_0003\100_0003_0029.JPG,44,4366,0.010078,0.000000,0.005039,是
E:\SURVEY\100_0003\100_0003_0030.JPG,42,4366,0.009620,0.000000,0.004810,否
E:\SURVEY\100_0003\100_0003_0031.JPG,44,4366,0.010078,0.000000,0.005039,是
E:\SURVEY\100_0003\100_0003_0032.JPG,42,4366,0.009620,0.000000,0.004810,否
E:\SURVEY\100_0003\100_0003_0033.JPG,44,4366,0.010078,0.000000,0.005039,是
E:\SURVEY\100_0003\100_0003_0034.JPG,45,4366,0.010307,0.000000,0.005153,是
E:\SURVEY\100_0003\100_0003_0035.JPG,45,4366,0.010307,0.000000,0.005153,是
E:\SURVEY\100_0003\100_0003_0036.JPG,43,4366,0.009849,0.000000,0.004924,否
E:\SURVEY\100_0003\100_0003_0037.JPG,43,4366,0.009849,0.000000,0.004924,否
E:\SURVEY\100_0003\100_0003_0038.JPG,45,4366,0.010307,0.000000,0.005153,是
E:\SURVEY\100_0003\100_0003_0039.JPG,46,4366,0.010536,0.002978,0.006757,是
E:\SURVEY\100_0003\100_0003_0040.JPG,42,4366,0.009620,0.000000,0.004810,否
E:\SURVEY\100_0003\100_0003_0041.JPG,43,4366,0.009849,0.000000,0.004924,否
E:\SURVEY\100_0003\100_0003_0042.JPG,44,4366,0.010078,0.000000,0.005039,是
E:\SURVEY\100_0003\100_0003_0043.JPG,46,4366,0.010536,0.001145,0.005841,是
E:\SURVEY\100_0003\100_0003_0044.JPG,44,4366,0.010078,0.000000,0.005039,是
E:\SURVEY\100_0003\100_0003_0045.JPG,42,4366,0.009620,0.000000,0.004810,否
E:\SURVEY\100_0003\100_0003_0046.JPG,43,4366,0.009849,0.000000,0.004924,否
E:\SURVEY\100_0003\100_0003_0047.JPG,45,4366,0.010307,0.000000,0.005153,是
E:\SURVEY\100_0003\100_0003_0048.JPG,44,4366,0.010078,0.000000,0.005039,是
E:\SURVEY\100_0003\100_0003_0049.JPG,43,4366,0.009849,0.000000,0.004924,否
E:\SURVEY\100_0003\100_0003_0050.JPG,44,4366,0.010078,0.000000,0.005039,是
E:\SURVEY\100_0003\100_0003_0051.JPG,46,4366,0.010536,0.001145,0.005841,是
E:\SURVEY\100_0003\100_0003_0052.JPG,45,4366,0.010307,0.000000,0.005153,是
E:\SURVEY\100_0003\100_0003_0053.JPG,44,4366,0.010078,0.000000,0.005039,是
E:\SURVEY\100_0003\100_0003_0054.JPG,43,4366,0.009849,0.000000,0.004924,否
E:\SURVEY\100_0003\100_0003_0055.JPG,43,4366,0.009849,0.000000,0.004924,否
E:\SURVEY\100_0003\100_0003_0056.JPG,46,4366,0.010536,0.001145,0.005841,是
E:\SURVEY\100_0003\100_0003_0057.JPG,44,4366,0.010078,0.000000,0.005039,是
E:\SURVEY\100_0003\100_0003_0058.JPG,43,4366,0.009849,0.000000,0.004924,否
E:\SURVEY\100_0003\100_0003_0059.JPG,44,4366,0.010078,0.000000,0.005039,是
E:\SURVEY\100_0003\100_0003_0060.JPG,47,4366,0.010765,0.002749,0.006757,是
E:\SURVEY\100_0003\100_0003_0061.JPG,44,4366,0.010078,0.000000,0.005039,是
E:\SURVEY\100_0003\100_0003_0062.JPG,44,4366,0.010078,0.000000,0.005039,是
E:\SURVEY\100_0003\100_0003_0063.JPG,42,4366,0.009620,0.000000,0.004810,否
E:\SURVEY\100_0003\100_0003_0064.JPG,45,4366,0.010307,0.000000,0.005153,是
E:\SURVEY\100_0003\100_0003_0065.JPG,45,4366,0.010307,0.000000,0.005153,是
E:\SURVEY\100_0003\100_0003_0066.JPG,43,4366,0.009849,0.000000,0.004924,否
E:\SURVEY\100_0003\100_0003_0067.JPG,43,4366,0.009849,0.000000,0.004924,否
E:\SURVEY\100_0003\100_0003_0068.JPG,45,4366,0.010307,0.000000,0.005153,是
E:\SURVEY\100_0003\100_0003_0069.JPG,46,4366,0.010536,0.000229,0.005383,是
E:\SURVEY\100_0003\100_0003_0070.JPG,45,4366,0.010307,0.000000,0.005153,是
E:\SURVEY\100_0003\100_0003_0071.JPG,43,4366,0.009849,0.000000,0.004924,否
E:\SURVEY\100_0003\100_0003_0072.JPG,43,4366,0.009849,0.000000,0.004924,否
E:\SURVEY\100_0003\100_0003_0073.JPG,45,4366,0.010307,0.000000,0.005153,是
E:\SURVEY\100_0003\100_0003_0074.JPG,43,4366,0.009849,0.000000,0.004924,否
E:\SURVEY\100_0003\100_0003_0075.JPG,43,4366,0.009849,0.000000,0.004924,否
E:\SURVEY\100_0003\100_0003_0076.JPG,43,4366,0.009849,0.000000,0.004924,否
E:\SURVEY\100_0003\100_0003_0077.JPG,45,4366,0.010307,0.001374,0.005841,是
E:\SURVEY\100_0003\100_0003_0078.JPG,41,4366,0.009391,0.000000,0.004695,否
E:\SURVEY\100_0003\100_0003_0079.JPG,43,4366,0.009849,0.000000,0.004924,否
E:\SURVEY\100_0003\100_0003_0080.JPG,46,4366,0.010536,0.001145,0.005841,是
E:\SURVEY\100_0003\100_0003_0081.JPG,44,4366,0.010078,0.000000,0.005039,是
E:\SURVEY\100_0003\100_0003_0082.JPG,45,4366,0.010307,0.000000,0.005153,是
E:\SURVEY\100_0003\100_0003_0083.JPG,45,4366,0.010307,0.000000,0.005153,是
E:\SURVEY\100_0003\100_0003_0084.JPG,45,4366,0.010307,0.000000,0.005153,是
E:\SURVEY\100_0003\100_0003_0085.JPG,44,4366,0.010078,0.000000,0.005039,是
E:\SURVEY\100_0003\100_0003_0086.JPG,43,4366,0.009849,0.000000,0.004924,否
E:\SURVEY\100_0003\100_0003_0087.JPG,45,4366,0.010307,0.000000,0.005153,是
E:\SURVEY\100_0003\100_0003_0088.JPG,44,4366,0.010078,0.000000,0.005039,是
E:\SURVEY\100_0003\100_0003_0089.JPG,44,4366,0.010078,0.000000,0.005039,是
E:\SURVEY\100_0003\100_0003_0090.JPG,44,4366,0.010078,0.000000,0.005039,是
E:\SURVEY\100_0003\100_0003_0091.JPG,45,4366,0.010307,0.000000,0.005153,是
E:\SURVEY\100_0003\100_0003_0092.JPG,45,4366,0.010307,0.000000,0.005153,是
E:\SURVEY\100_0003\100_0003_0093.JPG,45,4366,0.010307,0.000000,0.005153,是
E:\SURVEY\100_0003\100_0003_0094.JPG,43,4366,0.009849,0.000000,0.004924,否
E:\SURVEY\100_0003\100_0003_0095.JPG,44,4366,0.010078,0.000000,0.005039,是
E:\SURVEY\100_0003\100_0003_0096.JPG,44,4366,0.010078,0.000000,0.005039,是
E:\SURVEY\100_0003\100_0003_0097.JPG,45,4366,0.010307,0.000000,0.005153,是
E:\SURVEY\100_0003\100_0003_0098.JPG,44,4366,0.010078,0.000000,0.005039,是
E:\SURVEY\100_0003\100_0003_0099.JPG,44,4366,0.010078,0.000000,0.005039,是
E:\SURVEY\100_0003\100_0003_0100.JPG,45,4366,0.010307,0.000000,0.005153,是
E:\SURVEY\100_0003\100_0003_0101.JPG,44,4366,0.010078,0.000000,0.005039,是
E:\SURVEY\100_0003\100_0003_0102.JPG,44,4366,0.010078,0.000000,0.005039,是
E:\SURVEY\100_0003\100_0003_0103.JPG,43,4366,0.009849,0.000000,0.004924,否
E:\SURVEY\100_0003\100_0003_0104.JPG,44,4366,0.010078,0.000000,0.005039,是
E:\SURVEY\100_0003\100_0003_0105.JPG,45,4366,0.010307,0.000687,0.005497,是
E:\SURVEY\100_0003\100_0003_0106.JPG,44,4366,0.010078,0.000000,0.005039,是
E:\SURVEY\100_0003\100_0003_0107.JPG,43,4366,0.009849,0.000000,0.004924,否
E:\SURVEY\100_0003\100_0003_0108.JPG,45,4366,0.010307,0.000229,0.005268,是
E:\SURVEY\100_0003\100_0003_0109.JPG,44,4366,0.010078,0.000000,0.005039,是
E:\SURVEY\100_0003\100_0003_0110.JPG,45,4366,0.010307,0.000000,0.005153,是
E:\SURVEY\100_0003\100_0003_0111.JPG,43,4366,0.009849,0.000000,0.004924,否
E:\SURVEY\100_0003\100_0003_0112.JPG,43,4366,0.009849,0.000000,0.004924,否
E:\SURVEY\100_0003\100_0003_0113.JPG,44,4366,0.010078,0.000000,0.005039,是
E:\SURVEY\100_0003\100_0003_0114.JPG,45,4366,0.010307,0.000000,0.005153,是
E:\SURVEY\100_0003\100_0003_0115.JPG,44,4366,0.010078,0.000000,0.005039,是
E:\SURVEY\100_0003\100_0003_0116.JPG,43,4366,0.009849,0.000000,0.004924,否
E:\SURVEY\100_0003\100_0003_0117.JPG,43,4366,0.009849,0.000000,0.004924,否
E:\SURVEY\100_0003\100_0003_0118.JPG,45,4366,0.010307,0.000687,0.005497,是
E:\SURVEY\100_0003\100_0003_0119.JPG,44,4366,0.010078,0.000000,0.005039,是
E:\SURVEY\100_0003\100_0003_0120.JPG,44,4366,0.010078,0.000000,0.005039,是
E:\SURVEY\100_0003\100_0003_0121.JPG,44,4366,0.010078,0.000000,0.005039,是
E:\SURVEY\100_0003\100_0003_0122.JPG,44,4366,0.010078,0.000000,0.005039,是
E:\SURVEY\100_0003\100_0003_0123.JPG,46,4366,0.010536,0.007787,0.009162,是
E:\SURVEY\100_0003\100_0003_0124.JPG,45,4366,0.010307,0.000000,0.005153,是
E:\SURVEY\100_0003\100_0003_0125.JPG,43,4366,0.009849,0.000000,0.004924,否
E:\SURVEY\100_0003\100_0003_0126.JPG,43,4366,0.009849,0.000000,0.004924,否
E:\SURVEY\100_0003\100_0003_0127.JPG,45,4366,0.010307,0.000000,0.005153,是
E:\SURVEY\100_0003\100_0003_0128.JPG,44,4366,0.010078,0.000229,0.005153,是
E:\SURVEY\100_0003\100_0003_0129.JPG,44,4366,0.010078,0.000000,0.005039,是
E:\SURVEY\100_0003\100_0003_0130.JPG,44,4366,0.010078,0.000000,0.005039,是
E:\SURVEY\100_0003\100_0003_0131.JPG,44,4366,0.010078,0.000000,0.005039,是
E:\SURVEY\100_0003\100_0003_0132.JPG,44,4366,0.010078,0.000000,0.005039,是
E:\SURVEY\100_0003\100_0003_0133.JPG,44,4366,0.010078,0.000000,0.005039,是
E:\SURVEY\100_0003\100_0003_0134.JPG,43,4366,0.009849,0.000000,0.004924,否
E:\SURVEY\100_0003\100_0003_0135.JPG,44,4366,0.010078,0.000000,0.005039,是
E:\SURVEY\100_0003\100_0003_0136.JPG,43,4366,0.009849,0.000000,0.004924,否
E:\SURVEY\100_0003\100_0003_0137.JPG,44,4366,0.010078,0.000000,0.005039,是
E:\SURVEY\100_0003\100_0003_0138.JPG,44,4366,0.010078,0.000000,0.005039,是
E:\SURVEY\100_0003\100_0003_0139.JPG,43,4366,0.009849,0.000000,0.004924,否
E:\SURVEY\100_0003\100_0003_0140.JPG,44,4366,0.010078,0.000000,0.005039,是
E:\SURVEY\100_0003\100_0003_0141.JPG,44,4366,0.010078,0.000000,0.005039,是
E:\SURVEY\100_0003\100_0003_0142.JPG,45,4366,0.010307,0.000229,0.005268,是
E:\SURVEY\100_0003\100_0003_0143.JPG,45,4366,0.010307,0.000000,0.005153,是
E:\SURVEY\100_0003\100_0003_0144.JPG,44,4366,0.010078,0.000000,0.005039,是
E:\SURVEY\100_0003\100_0003_0145.JPG,44,4366,0.010078,0.000000,0.005039,是
E:\SURVEY\100_0003\100_0003_0146.JPG,44,4366,0.010078,0.000000,0.005039,是
E:\SURVEY\100_0003\100_0003_0147.JPG,44,4366,0.010078,0.000000,0.005039,是
E:\SURVEY\100_0003\100_0003_0148.JPG,44,4366,0.010078,0.000000,0.005039,是
E:\SURVEY\100_0003\100_0003_0149.JPG,44,4366,0.010078,0.000000,0.005039,是
E:\SURVEY\100_0003\100_0003_0150.JPG,45,4366,0.010307,0.000000,0.005153,是
E:\SURVEY\100_0003\100_0003_0151.JPG,45,4366,0.010307,0.000000,0.005153,是
E:\SURVEY\100_0003\100_0003_0152.JPG,43,4366,0.009849,0.000000,0.004924,否
E:\SURVEY\100_0003\100_0003_0153.JPG,43,4366,0.009849,0.000000,0.004924,否
E:\SURVEY\100_0003\100_0003_0154.JPG,44,4366,0.010078,0.000000,0.005039,是
E:\SURVEY\100_0003\100_0003_0155.JPG,45,4366,0.010307,0.000000,0.005153,是
E:\SURVEY\100_0003\100_0003_0156.JPG,44,4366,0.010078,0.000000,0.005039,是
E:\SURVEY\100_0003\100_0003_0157.JPG,43,4366,0.009849,0.000000,0.004924,否
E:\SURVEY\100_0003\100_0003_0158.JPG,45,4366,0.010307,0.000000,0.005153,是
E:\SURVEY\100_0003\100_0003_0159.JPG,44,4366,0.010078,0.000000,0.005039,是
E:\SURVEY\100_0003\100_0003_0160.JPG,46,4366,0.010536,0.002519,0.006528,是
E:\SURVEY\100_0003\100_0003_0161.JPG,42,4366,0.009620,0.000000,0.004810,否
E:\SURVEY\100_0003\100_0003_0162.JPG,43,4366,0.009849,0.000000,0.004924,否
E:\SURVEY\100_0003\100_0003_0163.JPG,45,4366,0.010307,0.000000,0.005153,是
E:\SURVEY\100_0003\100_0003_0164.JPG,44,4366,0.010078,0.000000,0.005039,是
E:\SURVEY\100_0003\100_0003_0165.JPG,44,4366,0.010078,0.000000,0.005039,是
E:\SURVEY\100_0003\100_0003_0166.JPG,44,4366,0.010078,0.000000,0.005039,是
E:\SURVEY\100_0003\100_0003_0167.JPG,45,4366,0.010307,0.000000,0.005153,是
E:\SURVEY\100_0003\100_0003_0168.JPG,46,4366,0.010536,0.001145,0.005841,是
E:\SURVEY\100_0003\100_0003_0169.JPG,44,4366,0.010078,0.000000,0.005039,是
E:\SURVEY\100_0003\100_0003_0170.JPG,43,4366,0.009849,0.000000,0.004924,否
E:\SURVEY\100_0003\100_0003_0171.JPG,44,4366,0.010078,0.000000,0.005039,是
E:\SURVEY\100_0003\100_0003_0172.JPG,44,4366,0.010078,0.000000,0.005039,是
E:\SURVEY\100_0003\100_0003_0173.JPG,45,4366,0.010307,0.000000,0.005153,是
E:\SURVEY\100_0003\100_0003_0174.JPG,43,4366,0.009849,0.000000,0.004924,否
E:\SURVEY\100_0003\100_0003_0175.JPG,44,4366,0.010078,0.000000,0.005039,是
E:\SURVEY\100_0003\100_0003_0176.JPG,45,4366,0.010307,0.000000,0.005153,是
E:\SURVEY\100_0003\100_0003_0177.JPG,44,4366,0.010078,0.000000,0.005039,是
E:\SURVEY\100_0003\100_0003_0178.JPG,45,4366,0.010307,0.000687,0.005497,是
E:\SURVEY\100_0003\100_0003_0179.JPG,44,4366,0.010078,0.000687,0.005383,是
E:\SURVEY\100_0003\100_0003_0180.JPG,41,4366,0.009391,0.000000,0.004695,否
E:\SURVEY\100_0003\100_0003_0181.JPG,44,4366,0.010078,0.000000,0.005039,是
E:\SURVEY\100_0003\100_0003_0182.JPG,44,4366,0.010078,0.000000,0.005039,是
E:\SURVEY\100_0003\100_0003_0183.JPG,44,4366,0.010078,0.000000,0.005039,是
E:\SURVEY\100_0003\100_0003_0184.JPG,45,4366,0.010307,0.000000,0.005153,是
E:\SURVEY\100_0003\100_0003_0185.JPG,45,4366,0.010307,0.000000,0.005153,是
E:\SURVEY\100_0003\100_0003_0186.JPG,43,4366,0.009849,0.000000,0.004924,否
E:\SURVEY\100_0003\100_0003_0187.JPG,45,4366,0.010307,0.000000,0.005153,是
E:\SURVEY\100_0003\100_0003_0188.JPG,45,4366,0.010307,0.000000,0.005153,是
E:\SURVEY\100_0003\100_0003_0189.JPG,44,4366,0.010078,0.000000,0.005039,是
E:\SURVEY\100_0003\100_0003_0190.JPG,43,4366,0.009849,0.000000,0.004924,否
E:\SURVEY\100_0003\100_0003_0191.JPG,44,4366,0.010078,0.000000,0.005039,是
E:\SURVEY\100_0003\100_0003_0192.JPG,44,4366,0.010078,0.000000,0.005039,是
E:\SURVEY\100_0003\100_0003_0193.JPG,44,4366,0.010078,0.000000,0.005039,是
E:\SURVEY\100_0003\100_0003_0194.JPG,45,4366,0.010307,0.000000,0.005153,是
E:\SURVEY\100_0003\100_0003_0195.JPG,44,4366,0.010078,0.000000,0.005039,是
E:\SURVEY\100_0003\100_0003_0196.JPG,45,4366,0.010307,0.000000,0.005153,是
E:\SURVEY\100_0003\100_0003_0197.JPG,45,4366,0.010307,0.000000,0.005153,是
E:\SURVEY\100_0003\100_0003_0198.JPG,45,4366,0.010307,0.000000,0.005153,是
E:\SURVEY\100_0003\100_0003_0199.JPG,43,4366,0.009849,0.000000,0.004924,否
E:\SURVEY\100_0003\100_0003_0200.JPG,44,4366,0.010078,0.000000,0.005039,是
E:\SURVEY\100_0003\100_0003_0201.JPG,44,4366,0.010078,0.000000,0.005039,是
E:\SURVEY\100_0003\100_0003_0202.JPG,45,4366,0.010307,0.000000,0.005153,是
E:\SURVEY\100_0003\100_0003_0203.JPG,44,4366,0.010078,0.000000,0.005039,是
E:\SURVEY\100_0003\100_0003_0204.JPG,45,4366,0.010307,0.000000,0.005153,是
E:\SURVEY\100_0003\100_0003_0205.JPG,43,4366,0.009849,0.000000,0.004924,否
E:\SURVEY\100_0003\100_0003_0206.JPG,44,4366,0.010078,0.000000,0.005039,是
E:\SURVEY\100_0003\100_0003_0207.JPG,45,4366,0.010307,0.000000,0.005153,是
E:\SURVEY\100_0003\100_0003_0208.JPG,43,4366,0.009849,0.000000,0.004924,否
E:\SURVEY\100_0003\100_0003_0209.JPG,44,4366,0.010078,0.000000,0.005039,是
E:\SURVEY\100_0003\100_0003_0210.JPG,45,4366,0.010307,0.000000,0.005153,是
E:\SURVEY\100_0003\100_0003_0211.JPG,45,4366,0.010307,0.000000,0.005153,是
E:\SURVEY\100_0003\100_0003_0212.JPG,44,4366,0.010078,0.000000,0.005039,是
E:\SURVEY\100_0003\100_0003_0213.JPG,44,4366,0.010078,0.000000,0.005039,是
E:\SURVEY\100_0003\100_0003_0214.JPG,44,4366,0.010078,0.000000,0.005039,是
E:\SURVEY\100_0003\100_0003_0215.JPG,44,4366,0.010078,0.000000,0.005039,是
E:\SURVEY\100_0003\100_0003_0216.JPG,44,4366,0.010078,0.000000,0.005039,是
E:\SURVEY\100_0003\100_0003_0217.JPG,44,4366,0.010078,0.000000,0.005039,是
E:\SURVEY\100_0003\100_0003_0218.JPG,44,4366,0.010078,0.000000,0.005039,是
E:\SURVEY\100_0003\100_0003_0219.JPG,45,4366,0.010307,0.000916,0.005612,是
E:\SURVEY\100_0003\100_0003_0220.JPG,45,4366,0.010307,0.000000,0.005153,是
E:\SURVEY\100_0003\100_0003_0221.JPG,43,4366,0.009849,0.000000,0.004924,否
E:\SURVEY\100_0003\100_0003_0222.JPG,43,4366,0.009849,0.000000,0.004924,否
E:\SURVEY\100_0003\100_0003_0223.JPG,44,4366,0.010078,0.000000,0.005039,是
E:\SURVEY\100_0003\100_0003_0224.JPG,45,4366,0.010307,0.000458,0.005383,是
E:\SURVEY\100_0003\100_0003_0225.JPG,45,4366,0.010307,0.000000,0.005153,是
E:\SURVEY\100_0003\100_0003_0226.JPG,44,4366,0.010078,0.000000,0.005039,是
E:\SURVEY\100_0003\100_0003_0227.JPG,45,4366,0.010307,0.000000,0.005153,是
E:\SURVEY\100_0003\100_0003_0228.JPG,44,4366,0.010078,0.000000,0.005039,是
E:\SURVEY\100_0003\100_0003_0229.JPG,45,4366,0.010307,0.000000,0.005153,是
E:\SURVEY\100_0003\100_0003_0230.JPG,42,4366,0.009620,0.000229,0.004924,是
E:\SURVEY\100_0003\100_0003_0231.JPG,42,4366,0.009620,0.000000,0.004810,否
E:\SURVEY\100_0003\100_0003_0232.JPG,44,4366,0.010078,0.000000,0.005039,是
E:\SURVEY\100_0003\100_0003_0233.JPG,45,4366,0.010307,0.000000,0.005153,是
E:\SURVEY\100_0003\100_0003_0234.JPG,44,4366,0.010078,0.000000,0.005039,是
E:\SURVEY\100_0003\100_0003_0235.JPG,43,4366,0.009849,0.000000,0.004924,否
E:\SURVEY\100_0003\100_0003_0236.JPG,43,4366,0.009849,0.000000,0.004924,否
E:\SURVEY\100_0003\100_0003_0237.JPG,44,4366,0.010078,0.000000,0.005039,是
E:\SURVEY\100_0003\100_0003_0238.JPG,44,4366,0.010078,0.000000,0.005039,是
E:\SURVEY\100_0003\100_0003_0239.JPG,44,4366,0.010078,0.000000,0.005039,是
E:\SURVEY\100_0003\100_0003_0240.JPG,45,4366,0.010307,0.000000,0.005153,是
E:\SURVEY\100_0003\100_0003_0241.JPG,44,4366,0.010078,0.000000,0.005039,是
E:\SURVEY\100_0003\100_0003_0242.JPG,45,4366,0.010307,0.000000,0.005153,是
E:\SURVEY\100_0003\100_0003_0243.JPG,43,4366,0.009849,0.000000,0.004924,否
E:\SURVEY\100_0003\100_0003_0244.JPG,45,4366,0.010307,0.000000,0.005153,是
E:\SURVEY\100_0003\100_0003_0245.JPG,43,4366,0.009849,0.000000,0.004924,否
E:\SURVEY\100_0003\100_0003_0246.JPG,44,4366,0.010078,0.000000,0.005039,是
E:\SURVEY\100_0003\100_0003_0247.JPG,44,4366,0.010078,0.000000,0.005039,是
E:\SURVEY\100_0003\100_0003_0248.JPG,44,4366,0.010078,0.000000,0.005039,是
E:\SURVEY\100_0003\100_0003_0249.JPG,45,4366,0.010307,0.000000,0.005153,是
E:\SURVEY\100_0003\100_0003_0250.JPG,45,4366,0.010307,0.000000,0.005153,是
E:\SURVEY\100_0003\100_0003_0251.JPG,43,4366,0.009849,0.000000,0.004924,否
E:\SURVEY\100_0003\100_0003_0252.JPG,44,4366,0.010078,0.000000,0.005039,是
E:\SURVEY\100_0003\100_0003_0253.JPG,45,4366,0.010307,0.000000,0.005153,是
E:\SURVEY\100_0003\100_0003_0254.JPG,43,4366,0.009849,0.000000,0.004924,否
E:\SURVEY\100_0003\100_0003_0255.JPG,44,4366,0.010078,0.000000,0.005039,是
E:\SURVEY\100_0003\100_0003_0256.JPG,44,4366,0.010078,0.000000,0.005039,是
E:\SURVEY\100_0003\100_0003_0257.JPG,45,4366,0.010307,0.000000,0.005153,是
E:\SURVEY\100_0003\100_0003_0258.JPG,44,4366,0.010078,0.000000,0.005039,是
E:\SURVEY\100_0003\100_0003_0259.JPG,43,4366,0.009849,0.000000,0.004924,否
E:\SURVEY\100_0003\100_0003_0260.JPG,44,4366,0.010078,0.000000,0.005039,是
E:\SURVEY\100_0003\100_0003_0261.JPG,44,4366,0.010078,0.000000,0.005039,是
E:\SURVEY\100_0003\100_0003_0262.JPG,44,4366,0.010078,0.000000,0.005039,是
E:\SURVEY\100_0003\100_0003_0263.JPG,44,4366,0.010078,0.000000,0.005039,是
E:\SURVEY\100_0003\100_0003_0264.JPG,44,4366,0.010078,0.000000,0.005039,是
E:\SURVEY\100_0003\100_0003_0265.JPG,45,4366,0.010307,0.000000,0.005153,是
E:\SURVEY\100_0003\100_0003_0266.JPG,45,4366,0.010307,0.000000,0.005153,是
E:\SURVEY\100_0003\100_0003_0267.JPG,44,4366,0.010078,0.000000,0.005039,是
E:\SURVEY\100_0003\100_0003_0268.JPG,43,4366,0.009849,0.000000,0.004924,否
E:\SURVEY\100_0003\100_0003_0269.JPG,44,4366,0.010078,0.000000,0.005039,是
E:\SURVEY\100_0003\100_0003_0270.JPG,45,4366,0.010307,0.000000,0.005153,是
E:\SURVEY\100_0003\100_0003_0271.JPG,44,4366,0.010078,0.000000,0.005039,是
E:\SURVEY\100_0003\100_0003_0272.JPG,43,4366,0.009849,0.000000,0.004924,否
E:\SURVEY\100_0003\100_0003_0273.JPG,45,4366,0.010307,0.000000,0.005153,是
E:\SURVEY\100_0003\100_0003_0274.JPG,45,4366,0.010307,0.000000,0.005153,是
E:\SURVEY\100_0003\100_0003_0275.JPG,44,4366,0.010078,0.000000,0.005039,是
E:\SURVEY\100_0003\100_0003_0276.JPG,44,4366,0.010078,0.000000,0.005039,是
E:\SURVEY\100_0003\100_0003_0277.JPG,43,4366,0.009849,0.000000,0.004924,否
E:\SURVEY\100_0003\100_0003_0278.JPG,46,4366,0.010536,0.005497,0.008016,是
E:\SURVEY\100_0003\100_0003_0279.JPG,44,4366,0.010078,0.000000,0.005039,是
E:\SURVEY\100_0003\100_0003_0280.JPG,43,4366,0.009849,0.000000,0.004924,否
E:\SURVEY\100_0003\100_0003_0281.JPG,42,4366,0.009620,0.000000,0.004810,否
E:\SURVEY\100_0003\100_0003_0282.JPG,45,4366,0.010307,0.000229,0.005268,是
E:\SURVEY\100_0003\100_0003_0283.JPG,44,4366,0.010078,0.000000,0.005039,是
E:\SURVEY\100_0003\100_0003_0284.JPG,45,4366,0.010307,0.000000,0.005153,是
E:\SURVEY\100_0003\100_0003_0285.JPG,43,4366,0.009849,0.000000,0.004924,否
E:\SURVEY\100_0003\100_0003_0286.JPG,43,4366,0.009849,0.000000,0.004924,否
E:\SURVEY\100_0003\100_0003_0287.JPG,43,4366,0.009849,0.000000,0.004924,否
E:\SURVEY\100_0003\100_0003_0288.JPG,45,4366,0.010307,0.000000,0.005153,是
E:\SURVEY\100_0003\100_0003_0289.JPG,44,4366,0.010078,0.000000,0.005039,是
E:\SURVEY\100_0003\100_0003_0290.JPG,43,4366,0.009849,0.000000,0.004924,否
E:\SURVEY\100_0003\100_0003_0291.JPG,45,4366,0.010307,0.000000,0.005153,是
E:\SURVEY\100_0003\100_0003_0292.JPG,46,4366,0.010536,0.005039,0.007787,是
E:\SURVEY\100_0003\100_0003_0293.JPG,44,4366,0.010078,0.000000,0.005039,是
E:\SURVEY\100_0003\100_0003_0294.JPG,44,4366,0.010078,0.000000,0.005039,是
E:\SURVEY\100_0003\100_0003_0295.JPG,43,4366,0.009849,0.000000,0.004924,否
E:\SURVEY\100_0003\100_0003_0296.JPG,45,4366,0.010307,0.000000,0.005153,是
E:\SURVEY\100_0003\100_0003_0297.JPG,44,4366,0.010078,0.000000,0.005039,是
E:\SURVEY\100_0003\100_0003_0298.JPG,44,4366,0.010078,0.000000,0.005039,是
E:\SURVEY\100_0003\100_0003_0299.JPG,43,4366,0.009849,0.000000,0.004924,否
E:\SURVEY\100_0003\100_0003_0300.JPG,46,4366,0.010536,0.007100,0.008818,是
E:\SURVEY\100_0003\100_0003_0301.JPG,45,4366,0.010307,0.000000,0.005153,是
E:\SURVEY\100_0003\100_0003_0302.JPG,45,4366,0.010307,0.000000,0.005153,是
E:\SURVEY\100_0003\100_0003_0303.JPG,42,4366,0.009620,0.000000,0.004810,否
E:\SURVEY\100_0003\100_0003_0304.JPG,44,4366,0.010078,0.000000,0.005039,是
E:\SURVEY\100_0003\100_0003_0305.JPG,45,4366,0.010307,0.000000,0.005153,是
E:\SURVEY\100_0003\100_0003_0306.JPG,44,4366,0.010078,0.000000,0.005039,是
E:\SURVEY\100_0003\100_0003_0307.JPG,44,4366,0.010078,0.000000,0.005039,是
E:\SURVEY\100_0003\100_0003_0308.JPG,44,4366,0.010078,0.000000,0.005039,是
E:\SURVEY\100_0003\100_0003_0309.JPG,45,4366,0.010307,0.000000,0.005153,是
E:\SURVEY\100_0003\100_0003_0310.JPG,44,4366,0.010078,0.000000,0.005039,是
E:\SURVEY\100_0003\100_0003_0311.JPG,44,4366,0.010078,0.000000,0.005039,是
E:\SURVEY\100_0003\100_0003_0312.JPG,43,4366,0.009849,0.000000,0.004924,否
E:\SURVEY\100_0003\100_0003_0313.JPG,44,4366,0.010078,0.000000,0.005039,是
E:\SURVEY\100_0003\100_0003_0314.JPG,45,4366,0.010307,0.000000,0.005153,是
E:\SURVEY\100_0003\100_0003_0315.JPG,44,4366,0.010078,0.000000,0.005039,是
E:\SURVEY\100_0003\100_0003_0316.JPG,43,4366,0.009849,0.000000,0.004924,否
E:\SURVEY\100_0003\100_0003_0317.JPG,45,4366,0.010307,0.000000,0.005153,是
E:\SURVEY\100_0003\100_0003_0318.JPG,44,4366,0.010078,0.000000,0.005039,是
E:\SURVEY\100_0003\100_0003_0319.JPG,44,4366,0.010078,0.000000,0.005039,是
E:\SURVEY\100_0003\100_0003_0320.JPG,43,4366,0.009849,0.000000,0.004924,否
E:\SURVEY\100_0003\100_0003_0321.JPG,43,4366,0.009849,0.000000,0.004924,否
E:\SURVEY\100_0003\100_0003_0322.JPG,45,4366,0.010307,0.000000,0.005153,是
E:\SURVEY\100_0003\100_0003_0323.JPG,45,4366,0.010307,0.000000,0.005153,是
E:\SURVEY\100_0003\100_0003_0324.JPG,43,4366,0.009849,0.000000,0.004924,否
E:\SURVEY\100_0003\100_0003_0325.JPG,44,4366,0.010078,0.000000,0.005039,是
E:\SURVEY\100_0003\100_0003_0326.JPG,44,4366,0.010078,0.000000,0.005039,是
E:\SURVEY\100_0003\100_0003_0327.JPG,45,4366,0.010307,0.000458,0.005383,是
E:\SURVEY\100_0003\100_0003_0328.JPG,45,4366,0.010307,0.000000,0.005153,是
E:\SURVEY\100_0003\100_0003_0329.JPG,43,4366,0.009849,0.000000,0.004924,否
E:\SURVEY\100_0003\100_0003_0330.JPG,44,4366,0.010078,0.000000,0.005039,是
E:\SURVEY\100_0003\100_0003_0331.JPG,46,4366,0.010536,0.008704,0.009620,是
E:\SURVEY\100_0003\100_0003_0332.JPG,43,4366,0.009849,0.000458,0.005153,是
E:\SURVEY\100_0003\100_0003_0333.JPG,45,4366,0.010307,0.002519,0.006413,是
E:\SURVEY\100_0003\100_0003_0334.JPG,43,4366,0.009849,0.000000,0.004924,否
E:\SURVEY\100_0003\100_0003_0335.JPG,45,4366,0.010307,0.000000,0.005153,是
E:\SURVEY\100_0003\100_0003_0336.JPG,43,4366,0.009849,0.000000,0.004924,否
E:\SURVEY\100_0003\100_0003_0337.JPG,43,4366,0.009849,0.000000,0.004924,否
E:\SURVEY\100_0003\100_0003_0338.JPG,46,4366,0.010536,0.005726,0.008131,是
E:\SURVEY\100_0003\100_0003_0339.JPG,45,4366,0.010307,0.000000,0.005153,是
E:\SURVEY\100_0003\100_0003_0340.JPG,43,4366,0.009849,0.000000,0.004924,否
E:\SURVEY\100_0003\100_0003_0341.JPG,44,4366,0.010078,0.000000,0.005039,是
E:\SURVEY\100_0003\100_0003_0342.JPG,44,4366,0.010078,0.000000,0.005039,是
E:\SURVEY\100_0003\100_0003_0343.JPG,44,4366,0.010078,0.000000,0.005039,是
E:\SURVEY\100_0003\100_0003_0344.JPG,43,4366,0.009849,0.000000,0.004924,否
E:\SURVEY\100_0003\100_0003_0345.JPG,43,4366,0.009849,0.000000,0.004924,否
E:\SURVEY\100_0003\100_0003_0346.JPG,45,4366,0.010307,0.000000,0.005153,是
E:\SURVEY\100_0003\100_0003_0347.JPG,45,4366,0.010307,0.000000,0.005153,是
E:\SURVEY\100_0003\100_0003_0348.JPG,45,4366,0.010307,0.000000,0.005153,是
E:\SURVEY\100_0003\100_0003_0349.JPG,43,4366,0.009849,0.000000,0.004924,否
E:\SURVEY\100_0003\100_0003_0350.JPG,44,4366,0.010078,0.000000,0.005039,是
E:\SURVEY\100_0003\100_0003_0351.JPG,45,4366,0.010307,0.000000,0.005153,是
E:\SURVEY\100_0003\100_0003_0352.JPG,43,4366,0.009849,0.000000,0.004924,否
E:\SURVEY\100_0003\100_0003_0353.JPG,44,4366,0.010078,0.000000,0.005039,是
E:\SURVEY\100_0003\100_0003_0354.JPG,43,4366,0.009849,0.000000,0.004924,否
E:\SURVEY\100_0003\100_0003_0355.JPG,44,4366,0.010078,0.000000,0.005039,是
E:\SURVEY\100_0003\100_0003_0356.JPG,45,4366,0.010307,0.000000,0.005153,是
E:\SURVEY\100_0003\100_0003_0357.JPG,44,4366,0.010078,0.000000,0.005039,是
E:\SURVEY\100_0003\100_0003_0358.JPG,44,4366,0.010078,0.000000,0.005039,是
E:\SURVEY\100_0003\100_0003_0359.JPG,44,4366,0.010078,0.000000,0.005039,是
E:\SURVEY\100_0003\100_0003_0360.JPG,45,4366,0.010307,0.000000,0.005153,是
E:\SURVEY\100_0003\100_0003_0361.JPG,44,4366,0.010078,0.000000,0.005039,是
E:\SURVEY\100_0003\100_0003_0362.JPG,43,4366,0.009849,0.000000,0.004924,否
E:\SURVEY\100_0003\100_0003_0363.JPG,43,4366,0.009849,0.000000,0.004924,否
E:\SURVEY\100_0003\100_0003_0364.JPG,45,4366,0.010307,0.000000,0.005153,是
E:\SURVEY\100_0003\100_0003_0365.JPG,44,4366,0.010078,0.000000,0.005039,是
E:\SURVEY\100_0003\100_0003_0366.JPG,44,4366,0.010078,0.000000,0.005039,是
E:\SURVEY\100_0003\100_0003_0367.JPG,45,4366,0.010307,0.000000,0.005153,是
E:\SURVEY\100_0003\100_0003_0368.JPG,43,4366,0.009849,0.000000,0.004924,否
E:\SURVEY\100_0003\100_0003_0369.JPG,44,4366,0.010078,0.000000,0.005039,是
E:\SURVEY\100_0003\100_0003_0370.JPG,43,4366,0.009849,0.000000,0.004924,否
E:\SURVEY\100_0003\100_0003_0371.JPG,45,4366,0.010307,0.000000,0.005153,是
E:\SURVEY\100_0003\100_0003_0372.JPG,45,4366,0.010307,0.000000,0.005153,是
E:\SURVEY\100_0003\100_0003_0373.JPG,44,4366,0.010078,0.000000,0.005039,是
E:\SURVEY\100_0003\100_0003_0374.JPG,44,4366,0.010078,0.000000,0.005039,是
E:\SURVEY\100_0003\100_0003_0375.JPG,44,4366,0.010078,0.000000,0.005039,是
E:\SURVEY\100_0003\100_0003_0376.JPG,43,4366,0.009849,0.000000,0.004924,否
E:\SURVEY\100_0003\100_0003_0377.JPG,44,4366,0.010078,0.000000,0.005039,是
E:\SURVEY\100_0003\100_0003_0378.JPG,44,4366,0.010078,0.000000,0.005039,是
E:\SURVEY\100_0003\100_0003_0379.JPG,44,4366,0.010078,0.000000,0.005039,是
E:\SURVEY\100_0003\100_0003_0380.JPG,45,4366,0.010307,0.000000,0.005153,是
E:\SURVEY\100_0003\100_0003_0381.JPG,44,4366,0.010078,0.000000,0.005039,是
E:\SURVEY\100_0003\100_0003_0382.JPG,45,4366,0.010307,0.001374,0.005841,是
E:\SURVEY\100_0003\100_0003_0383.JPG,44,4366,0.010078,0.000458,0.005268,是
E:\SURVEY\100_0003\100_0003_0384.JPG,46,4366,0.010536,0.009620,0.010078,是
E:\SURVEY\100_0003\100_0003_0385.JPG,45,4366,0.010307,0.000916,0.005612,是
E:\SURVEY\100_0003\100_0003_0386.JPG,46,4366,0.010536,0.005268,0.007902,是
E:\SURVEY\100_0003\100_0003_0387.JPG,44,4366,0.010078,0.000000,0.005039,是
E:\SURVEY\100_0003\100_0003_0388.JPG,44,4366,0.010078,0.000000,0.005039,是
E:\SURVEY\100_0003\100_0003_0389.JPG,46,4366,0.010536,0.002978,0.006757,是
E:\SURVEY\100_0003\100_0003_0390.JPG,44,4366,0.010078,0.000000,0.005039,是
E:\SURVEY\100_0003\100_0003_0391.JPG,45,4366,0.010307,0.000000,0.005153,是
E:\SURVEY\100_0003\100_0003_0392.JPG,42,4366,0.009620,0.000000,0.004810,否
E:\SURVEY\100_0003\100_0003_0393.JPG,44,4366,0.010078,0.000000,0.005039,是
E:\SURVEY\100_0003\100_0003_0394.JPG,45,4366,0.010307,0.000000,0.005153,是
E:\SURVEY\100_0003\100_0003_0395.JPG,44,4366,0.010078,0.000000,0.005039,是
E:\SURVEY\100_0003\100_0003_0396.JPG,43,4366,0.009849,0.000000,0.004924,否
E:\SURVEY\100_0004\100_0004_0001.JPG,42,4366,0.009620,0.000000,0.004810,否
E:\SURVEY\100_0004\100_0004_0002.JPG,45,4366,0.010307,0.000000,0.005153,是
E:\SURVEY\100_0004\100_0004_0003.JPG,44,4366,0.010078,0.000000,0.005039,是
E:\SURVEY\100_0004\100_0004_0004.JPG,42,4366,0.009620,0.000000,0.004810,否
E:\SURVEY\100_0004\100_0004_0005.JPG,45,4366,0.010307,0.000000,0.005153,是
E:\SURVEY\100_0004\100_0004_0006.JPG,44,4366,0.010078,0.000000,0.005039,是
E:\SURVEY\100_0004\100_0004_0007.JPG,43,4366,0.009849,0.000000,0.004924,否
E:\SURVEY\100_0004\100_0004_0008.JPG,43,4366,0.009849,0.000000,0.004924,否
E:\SURVEY\100_0004\100_0004_0009.JPG,46,4366,0.010536,0.003207,0.006871,是
E:\SURVEY\100_0004\100_0004_0010.JPG,45,4366,0.010307,0.000000,0.005153,是
E:\SURVEY\100_0004\100_0004_0011.JPG,44,4366,0.010078,0.000000,0.005039,是
E:\SURVEY\100_0004\100_0004_0012.JPG,43,4366,0.009849,0.000000,0.004924,否
E:\SURVEY\100_0004\100_0004_0013.JPG,44,4366,0.010078,0.000000,0.005039,是
E:\SURVEY\100_0004\100_0004_0014.JPG,45,4366,0.010307,0.000000,0.005153,是
E:\SURVEY\100_0004\100_0004_0015.JPG,44,4366,0.010078,0.000000,0.005039,是
E:\SURVEY\100_0004\100_0004_0016.JPG,45,4366,0.010307,0.000000,0.005153,是
E:\SURVEY\100_0004\100_0004_0017.JPG,43,4366,0.009849,0.000000,0.004924,否
E:\SURVEY\100_0004\100_0004_0018.JPG,44,4366,0.010078,0.000000,0.005039,是
E:\SURVEY\100_0004\100_0004_0019.JPG,45,4366,0.010307,0.000000,0.005153,是
E:\SURVEY\100_0004\100_0004_0020.JPG,44,4366,0.010078,0.000000,0.005039,是
E:\SURVEY\100_0004\100_0004_0021.JPG,43,4366,0.009849,0.000000,0.004924,否
E:\SURVEY\100_0004\100_0004_0022.JPG,44,4366,0.010078,0.000000,0.005039,是
E:\SURVEY\100_0004\100_0004_0023.JPG,44,4366,0.010078,0.000000,0.005039,是
E:\SURVEY\100_0004\100_0004_0024.JPG,44,4366,0.010078,0.000000,0.005039,是
E:\SURVEY\100_0004\100_0004_0025.JPG,44,4366,0.010078,0.000000,0.005039,是
E:\SURVEY\100_0004\100_0004_0026.JPG,43,4366,0.009849,0.000000,0.004924,否
E:\SURVEY\100_0004\100_0004_0027.JPG,45,4366,0.010307,0.000000,0.005153,是
E:\SURVEY\100_0004\100_0004_0028.JPG,43,4366,0.009849,0.000000,0.004924,否
E:\SURVEY\100_0004\100_0004_0029.JPG,45,4366,0.010307,0.000000,0.005153,是
E:\SURVEY\100_0004\100_0004_0030.JPG,43,4366,0.009849,0.000000,0.004924,否
E:\SURVEY\100_0004\100_0004_0031.JPG,43,4366,0.009849,0.000000,0.004924,否
E:\SURVEY\100_0004\100_0004_0032.JPG,45,4366,0.010307,0.000000,0.005153,是
E:\SURVEY\100_0004\100_0004_0033.JPG,45,4366,0.010307,0.000000,0.005153,是
E:\SURVEY\100_0004\100_0004_0034.JPG,43,4366,0.009849,0.000000,0.004924,否
E:\SURVEY\100_0004\100_0004_0035.JPG,44,4366,0.010078,0.000000,0.005039,是
E:\SURVEY\100_0004\100_0004_0036.JPG,43,4366,0.009849,0.000000,0.004924,否
E:\SURVEY\100_0004\100_0004_0037.JPG,44,4366,0.010078,0.000000,0.005039,是
E:\SURVEY\100_0004\100_0004_0038.JPG,44,4366,0.010078,0.000000,0.005039,是
E:\SURVEY\100_0004\100_0004_0039.JPG,42,4366,0.009620,0.000000,0.004810,否
E:\SURVEY\100_0004\100_0004_0040.JPG,45,4366,0.010307,0.003207,0.006757,是
E:\SURVEY\100_0004\100_0004_0041.JPG,43,4366,0.009849,0.000000,0.004924,否
E:\SURVEY\100_0004\100_0004_0042.JPG,44,4366,0.010078,0.000000,0.005039,是
E:\SURVEY\100_0004\100_0004_0043.JPG,44,4366,0.010078,0.000000,0.005039,是
E:\SURVEY\100_0004\100_0004_0044.JPG,44,4366,0.010078,0.000000,0.005039,是
E:\SURVEY\100_0004\100_0004_0045.JPG,45,4366,0.010307,0.000000,0.005153,是
E:\SURVEY\100_0004\100_0004_0046.JPG,45,4366,0.010307,0.000000,0.005153,是
E:\SURVEY\100_0004\100_0004_0047.JPG,42,4366,0.009620,0.000000,0.004810,否
E:\SURVEY\100_0004\100_0004_0048.JPG,43,4366,0.009849,0.000000,0.004924,否
E:\SURVEY\100_0004\100_0004_0049.JPG,45,4366,0.010307,0.000458,0.005383,是
E:\SURVEY\100_0004\100_0004_0050.JPG,44,4366,0.010078,0.000000,0.005039,是
E:\SURVEY\100_0004\100_0004_0051.JPG,43,4366,0.009849,0.000000,0.004924,否
E:\SURVEY\100_0004\100_0004_0052.JPG,43,4366,0.009849,0.000000,0.004924,否
E:\SURVEY\100_0004\100_0004_0053.JPG,45,4366,0.010307,0.000916,0.005612,是
E:\SURVEY\100_0004\100_0004_0054.JPG,45,4366,0.010307,0.000000,0.005153,是
E:\SURVEY\100_0004\100_0004_0055.JPG,44,4366,0.010078,0.000000,0.005039,是
E:\SURVEY\100_0004\100_0004_0056.JPG,42,4366,0.009620,0.000000,0.004810,否
E:\SURVEY\100_0004\100_0004_0057.JPG,44,4366,0.010078,0.000000,0.005039,是
E:\SURVEY\100_0004\100_0004_0058.JPG,45,4366,0.010307,0.000000,0.005153,是
E:\SURVEY\100_0004\100_0004_0059.JPG,45,4366,0.010307,0.000000,0.005153,是
E:\SURVEY\100_0004\100_0004_0060.JPG,43,4366,0.009849,0.000000,0.004924,否
E:\SURVEY\100_0004\100_0004_0061.JPG,44,4366,0.010078,0.000000,0.005039,是
E:\SURVEY\100_0004\100_0004_0062.JPG,46,4366,0.010536,0.001145,0.005841,是
E:\SURVEY\100_0004\100_0004_0063.JPG,45,4366,0.010307,0.000000,0.005153,是
E:\SURVEY\100_0004\100_0004_0064.JPG,43,4366,0.009849,0.000000,0.004924,否
E:\SURVEY\100_0004\100_0004_0065.JPG,42,4366,0.009620,0.000000,0.004810,否
E:\SURVEY\100_0004\100_0004_0066.JPG,44,4366,0.010078,0.000000,0.005039,是
E:\SURVEY\100_0004\100_0004_0067.JPG,44,4366,0.010078,0.000000,0.005039,是
E:\SURVEY\100_0004\100_0004_0068.JPG,44,4366,0.010078,0.000000,0.005039,是
E:\SURVEY\100_0004\100_0004_0069.JPG,43,4366,0.009849,0.000000,0.004924,否
E:\SURVEY\100_0004\100_0004_0070.JPG,43,4366,0.009849,0.000000,0.004924,否
E:\SURVEY\100_0004\100_0004_0071.JPG,45,4366,0.010307,0.000000,0.005153,是
E:\SURVEY\100_0004\100_0004_0072.JPG,44,4366,0.010078,0.000000,0.005039,是
E:\SURVEY\100_0004\100_0004_0073.JPG,42,4366,0.009620,0.000000,0.004810,否
E:\SURVEY\100_0004\100_0004_0074.JPG,43,4366,0.009849,0.000000,0.004924,否
E:\SURVEY\100_0004\100_0004_0075.JPG,46,4366,0.010536,0.002290,0.006413,是
E:\SURVEY\100_0004\100_0004_0076.JPG,45,4366,0.010307,0.000000,0.005153,是
E:\SURVEY\100_0004\100_0004_0077.JPG,43,4366,0.009849,0.000000,0.004924,否
E:\SURVEY\100_0004\100_0004_0078.JPG,43,4366,0.009849,0.000000,0.004924,否
E:\SURVEY\100_0004\100_0004_0079.JPG,44,4366,0.010078,0.000000,0.005039,是
E:\SURVEY\100_0004\100_0004_0080.JPG,46,4366,0.010536,0.000229,0.005383,是
E:\SURVEY\100_0004\100_0004_0081.JPG,43,4366,0.009849,0.000000,0.004924,否
E:\SURVEY\100_0004\100_0004_0082.JPG,43,4366,0.009849,0.000000,0.004924,否
E:\SURVEY\100_0004\100_0004_0083.JPG,43,4366,0.009849,0.000000,0.004924,否
E:\SURVEY\100_0004\100_0004_0084.JPG,46,4366,0.010536,0.000229,0.005383,是
E:\SURVEY\100_0004\100_0004_0085.JPG,45,4366,0.010307,0.000000,0.005153,是
E:\SURVEY\100_0004\100_0004_0086.JPG,44,4366,0.010078,0.000000,0.005039,是
E:\SURVEY\100_0004\100_0004_0087.JPG,43,4366,0.009849,0.000000,0.004924,否
E:\SURVEY\100_0004\100_0004_0088.JPG,44,4366,0.010078,0.000000,0.005039,是
E:\SURVEY\100_0004\100_0004_0089.JPG,45,4366,0.010307,0.000916,0.005612,是
E:\SURVEY\100_0004\100_0004_0090.JPG,42,4366,0.009620,0.000458,0.005039,是
E:\SURVEY\100_0004\100_0004_0091.JPG,41,4366,0.009391,0.000000,0.004695,否
E:\SURVEY\100_0004\100_0004_0092.JPG,44,4366,0.010078,0.000000,0.005039,是
E:\SURVEY\100_0004\100_0004_0093.JPG,44,4366,0.010078,0.000000,0.005039,是
E:\SURVEY\100_0004\100_0004_0094.JPG,44,4366,0.010078,0.000000,0.005039,是
E:\SURVEY\100_0004\100_0004_0095.JPG,44,4366,0.010078,0.000000,0.005039,是
E:\SURVEY\100_0004\100_0004_0096.JPG,44,4366,0.010078,0.000000,0.005039,是
E:\SURVEY\100_0004\100_0004_0097.JPG,45,4366,0.010307,0.000000,0.005153,是
E:\SURVEY\100_0004\100_0004_0098.JPG,45,4366,0.010307,0.000000,0.005153,是
E:\SURVEY\100_0004\100_0004_0099.JPG,44,4366,0.010078,0.000000,0.005039,是
E:\SURVEY\100_0004\100_0004_0100.JPG,43,4366,0.009849,0.000000,0.004924,否
E:\SURVEY\100_0004\100_0004_0101.JPG,43,4366,0.009849,0.000000,0.004924,否
E:\SURVEY\100_0004\100_0004_0102.JPG,43,4366,0.009849,0.000000,0.004924,否
E:\SURVEY\100_0004\100_0004_0103.JPG,44,4366,0.010078,0.000000,0.005039,是
E:\SURVEY\100_0004\100_0004_0104.JPG,45,4366,0.010307,0.000000,0.005153,是
E:\SURVEY\100_0004\100_0004_0105.JPG,43,4366,0.009849,0.000000,0.004924,否
E:\SURVEY\100_0004\100_0004_0106.JPG,45,4366,0.010307,0.000000,0.005153,是
E:\SURVEY\100_0004\100_0004_0107.JPG,44,4366,0.010078,0.000000,0.005039,是
E:\SURVEY\100_0004\100_0004_0108.JPG,44,4366,0.010078,0.000000,0.005039,是
E:\SURVEY\100_0004\100_0004_0109.JPG,45,4366,0.010307,0.000000,0.005153,是
E:\SURVEY\100_0004\100_0004_0110.JPG,43,4366,0.009849,0.000000,0.004924,否
E:\SURVEY\100_0004\100_0004_0111.JPG,44,4366,0.010078,0.000000,0.005039,是
E:\SURVEY\100_0004\100_0004_0112.JPG,44,4366,0.010078,0.000000,0.005039,是
E:\SURVEY\100_0004\100_0004_0113.JPG,44,4366,0.010078,0.000000,0.005039,是
E:\SURVEY\100_0004\100_0004_0114.JPG,44,4366,0.010078,0.000000,0.005039,是
E:\SURVEY\100_0004\100_0004_0115.JPG,44,4366,0.010078,0.000000,0.005039,是
E:\SURVEY\100_0004\100_0004_0116.JPG,44,4366,0.010078,0.000000,0.005039,是
E:\SURVEY\100_0004\100_0004_0117.JPG,45,4366,0.010307,0.000916,0.005612,是
E:\SURVEY\100_0004\100_0004_0118.JPG,43,4366,0.009849,0.000000,0.004924,否
E:\SURVEY\100_0004\100_0004_0119.JPG,43,4366,0.009849,0.000000,0.004924,否
E:\SURVEY\100_0004\100_0004_0120.JPG,44,4366,0.010078,0.000000,0.005039,是
E:\SURVEY\100_0004\100_0004_0121.JPG,44,4366,0.010078,0.000000,0.005039,是
E:\SURVEY\100_0004\100_0004_0122.JPG,44,4366,0.010078,0.000000,0.005039,是
E:\SURVEY\100_0004\100_0004_0123.JPG,44,4366,0.010078,0.000000,0.005039,是
E:\SURVEY\100_0004\100_0004_0124.JPG,45,4366,0.010307,0.000000,0.005153,是
E:\SURVEY\100_0004\100_0004_0125.JPG,43,4366,0.009849,0.000000,0.004924,否
E:\SURVEY\100_0004\100_0004_0126.JPG,45,4366,0.010307,0.000000,0.005153,是
E:\SURVEY\100_0004\100_0004_0127.JPG,43,4366,0.009849,0.000000,0.004924,否
E:\SURVEY\100_0004\100_0004_0128.JPG,43,4366,0.009849,0.000000,0.004924,否
E:\SURVEY\100_0004\100_0004_0129.JPG,44,4366,0.010078,0.000229,0.005153,是
E:\SURVEY\100_0004\100_0004_0130.JPG,45,4366,0.010307,0.000229,0.005268,是
E:\SURVEY\100_0004\100_0004_0131.JPG,44,4366,0.010078,0.000000,0.005039,是
E:\SURVEY\100_0004\100_0004_0132.JPG,44,4366,0.010078,0.000000,0.005039,是
E:\SURVEY\100_0004\100_0004_0133.JPG,43,4366,0.009849,0.000000,0.004924,否
E:\SURVEY\100_0004\100_0004_0134.JPG,46,4366,0.010536,0.008704,0.009620,是
E:\SURVEY\100_0004\100_0004_0135.JPG,44,4366,0.010078,0.000000,0.005039,是
E:\SURVEY\100_0004\100_0004_0136.JPG,43,4366,0.009849,0.000000,0.004924,否
E:\SURVEY\100_0004\100_0004_0137.JPG,44,4366,0.010078,0.000000,0.005039,是
E:\SURVEY\100_0004\100_0004_0138.JPG,45,4366,0.010307,0.000000,0.005153,是
E:\SURVEY\100_0004\100_0004_0139.JPG,44,4366,0.010078,0.000000,0.005039,是
E:\SURVEY\100_0004\100_0004_0140.JPG,44,4366,0.010078,0.000000,0.005039,是
E:\SURVEY\100_0004\100_0004_0141.JPG,45,4366,0.010307,0.001603,0.005955,是
E:\SURVEY\100_0004\100_0004_0142.JPG,44,4366,0.010078,0.000000,0.005039,是
E:\SURVEY\100_0004\100_0004_0143.JPG,44,4366,0.010078,0.000000,0.005039,是
E:\SURVEY\100_0004\100_0004_0144.JPG,43,4366,0.009849,0.000000,0.004924,否
E:\SURVEY\100_0004\100_0004_0145.JPG,44,4366,0.010078,0.000000,0.005039,是
E:\SURVEY\100_0004\100_0004_0146.JPG,44,4366,0.010078,0.000000,0.005039,是
E:\SURVEY\100_0004\100_0004_0147.JPG,45,4366,0.010307,0.000000,0.005153,是
E:\SURVEY\100_0004\100_0004_0148.JPG,44,4366,0.010078,0.000000,0.005039,是
E:\SURVEY\100_0004\100_0004_0149.JPG,43,4366,0.009849,0.000000,0.004924,否
E:\SURVEY\100_0004\100_0004_0150.JPG,45,4366,0.010307,0.000229,0.005268,是
E:\SURVEY\100_0004\100_0004_0151.JPG,44,4366,0.010078,0.000000,0.005039,是
E:\SURVEY\100_0004\100_0004_0152.JPG,43,4366,0.009849,0.000000,0.004924,否
E:\SURVEY\100_0004\100_0004_0153.JPG,43,4366,0.009849,0.000000,0.004924,否
E:\SURVEY\100_0004\100_0004_0154.JPG,44,4366,0.010078,0.000000,0.005039,是
E:\SURVEY\100_0004\100_0004_0155.JPG,45,4366,0.010307,0.000458,0.005383,是
E:\SURVEY\100_0004\100_0004_0156.JPG,44,4366,0.010078,0.000000,0.005039,是
E:\SURVEY\100_0004\100_0004_0157.JPG,44,4366,0.010078,0.000000,0.005039,是
E:\SURVEY\100_0004\100_0004_0158.JPG,45,4366,0.010307,0.000000,0.005153,是
E:\SURVEY\100_0004\100_0004_0159.JPG,44,4366,0.010078,0.000000,0.005039,是
E:\SURVEY\100_0004\100_0004_0160.JPG,45,4366,0.010307,0.000000,0.005153,是
E:\SURVEY\100_0004\100_0004_0161.JPG,44,4366,0.010078,0.000000,0.005039,是
E:\SURVEY\100_0004\100_0004_0162.JPG,43,4366,0.009849,0.000000,0.004924,否
E:\SURVEY\100_0004\100_0004_0163.JPG,45,4366,0.010307,0.000000,0.005153,是
E:\SURVEY\100_0004\100_0004_0164.JPG,44,4366,0.010078,0.000000,0.005039,是
E:\SURVEY\100_0004\100_0004_0165.JPG,44,4366,0.010078,0.000000,0.005039,是
E:\SURVEY\100_0004\100_0004_0166.JPG,43,4366,0.009849,0.000000,0.004924,否
E:\SURVEY\100_0004\100_0004_0167.JPG,44,4366,0.010078,0.000000,0.005039,是
E:\SURVEY\100_0004\100_0004_0168.JPG,45,4366,0.010307,0.000000,0.005153,是
E:\SURVEY\100_0004\100_0004_0169.JPG,44,4366,0.010078,0.000000,0.005039,是
E:\SURVEY\100_0004\100_0004_0170.JPG,44,4366,0.010078,0.000000,0.005039,是
E:\SURVEY\100_0004\100_0004_0171.JPG,45,4366,0.010307,0.000000,0.005153,是
E:\SURVEY\100_0004\100_0004_0172.JPG,44,4366,0.010078,0.000000,0.005039,是
E:\SURVEY\100_0004\100_0004_0173.JPG,47,4366,0.010765,0.010765,0.010765,是
E:\SURVEY\100_0004\100_0004_0174.JPG,43,4366,0.009849,0.000000,0.004924,否
E:\SURVEY\100_0004\100_0004_0175.JPG,44,4366,0.010078,0.000000,0.005039,是
E:\SURVEY\100_0004\100_0004_0176.JPG,43,4366,0.009849,0.000000,0.004924,否
E:\SURVEY\100_0004\100_0004_0177.JPG,44,4366,0.010078,0.000000,0.005039,是
E:\SURVEY\100_0004\100_0004_0178.JPG,42,4366,0.009620,0.000000,0.004810,否
E:\SURVEY\100_0004\100_0004_0179.JPG,44,4366,0.010078,0.000000,0.005039,是
E:\SURVEY\100_0004\100_0004_0180.JPG,45,4366,0.010307,0.000000,0.005153,是
E:\SURVEY\100_0004\100_0004_0181.JPG,44,4366,0.010078,0.000000,0.005039,是
E:\SURVEY\100_0004\100_0004_0182.JPG,42,4366,0.009620,0.000000,0.004810,否
E:\SURVEY\100_0004\100_0004_0183.JPG,44,4366,0.010078,0.000000,0.005039,是
E:\SURVEY\100_0004\100_0004_0184.JPG,45,4366,0.010307,0.000000,0.005153,是
E:\SURVEY\100_0004\100_0004_0185.JPG,44,4366,0.010078,0.000000,0.005039,是
E:\SURVEY\100_0004\100_0004_0186.JPG,44,4366,0.010078,0.000000,0.005039,是
E:\SURVEY\100_0004\100_0004_0187.JPG,43,4366,0.009849,0.000000,0.004924,否
E:\SURVEY\100_0004\100_0004_0188.JPG,44,4366,0.010078,0.000000,0.005039,是
E:\SURVEY\100_0004\100_0004_0189.JPG,46,4366,0.010536,0.002061,0.006299,是
E:\SURVEY\100_0004\100_0004_0190.JPG,44,4366,0.010078,0.000000,0.005039,是
E:\SURVEY\100_0004\100_0004_0191.JPG,43,4366,0.009849,0.000000,0.004924,否
E:\SURVEY\100_0004\100_0004_0192.JPG,45,4366,0.010307,0.000687,0.005497,是
E:\SURVEY\100_0004\100_0004_0193.JPG,45,4366,0.010307,0.000458,0.005383,是
E:\SURVEY\100_0004\100_0004_0194.JPG,45,4366,0.010307,0.000000,0.005153,是
E:\SURVEY\100_0004\100_0004_0195.JPG,43,4366,0.009849,0.000000,0.004924,否
E:\SURVEY\100_0004\100_0004_0196.JPG,43,4366,0.009849,0.000000,0.004924,否
E:\SURVEY\100_0004\100_0004_0197.JPG,44,4366,0.010078,0.000000,0.005039,是
E:\SURVEY\100_0004\100_0004_0198.JPG,45,4366,0.010307,0.002290,0.006299,是
E:\SURVEY\100_0004\100_0004_0199.JPG,44,4366,0.010078,0.000229,0.005153,是
E:\SURVEY\100_0004\100_0004_0200.JPG,45,4366,0.010307,0.002519,0.006413,是
E:\SURVEY\100_0004\100_0004_0201.JPG,45,4366,0.010307,0.000000,0.005153,是
E:\SURVEY\100_0004\100_0004_0202.JPG,44,4366,0.010078,0.000000,0.005039,是
E:\SURVEY\100_0004\100_0004_0203.JPG,43,4366,0.009849,0.000000,0.004924,否
E:\SURVEY\100_0004\100_0004_0204.JPG,43,4366,0.009849,0.000000,0.004924,否
E:\SURVEY\100_0004\100_0004_0205.JPG,44,4366,0.010078,0.000000,0.005039,是
E:\SURVEY\100_0004\100_0004_0206.JPG,43,4366,0.009849,0.000000,0.004924,否
E:\SURVEY\100_0004\100_0004_0207.JPG,43,4366,0.009849,0.000000,0.004924,否
E:\SURVEY\100_0004\100_0004_0208.JPG,44,4366,0.010078,0.000000,0.005039,是
E:\SURVEY\100_0004\100_0004_0209.JPG,45,4366,0.010307,0.000000,0.005153,是
E:\SURVEY\100_0004\100_0004_0210.JPG,44,4366,0.010078,0.000000,0.005039,是
E:\SURVEY\100_0004\100_0004_0211.JPG,44,4366,0.010078,0.000000,0.005039,是
E:\SURVEY\100_0004\100_0004_0212.JPG,44,4366,0.010078,0.000000,0.005039,是
E:\SURVEY\100_0004\100_0004_0213.JPG,44,4366,0.010078,0.000000,0.005039,是
E:\SURVEY\100_0004\100_0004_0214.JPG,44,4366,0.010078,0.000000,0.005039,是
E:\SURVEY\100_0004\100_0004_0215.JPG,44,4366,0.010078,0.000000,0.005039,是
E:\SURVEY\100_0004\100_0004_0216.JPG,44,4366,0.010078,0.000000,0.005039,是
E:\SURVEY\100_0004\100_0004_0217.JPG,44,4366,0.010078,0.000000,0.005039,是
E:\SURVEY\100_0004\100_0004_0218.JPG,45,4366,0.010307,0.000000,0.005153,是
E:\SURVEY\100_0004\100_0004_0219.JPG,44,4366,0.010078,0.000000,0.005039,是
E:\SURVEY\100_0004\100_0004_0220.JPG,43,4366,0.009849,0.000000,0.004924,否
E:\SURVEY\100_0004\100_0004_0221.JPG,44,4366,0.010078,0.000000,0.005039,是
E:\SURVEY\100_0004\100_0004_0222.JPG,44,4366,0.010078,0.000000,0.005039,是
E:\SURVEY\100_0004\100_0004_0223.JPG,45,4366,0.010307,0.000229,0.005268,是
E:\SURVEY\100_0004\100_0004_0224.JPG,46,4366,0.010536,0.002290,0.006413,是
E:\SURVEY\100_0004\100_0004_0225.JPG,43,4366,0.009849,0.000000,0.004924,否
E:\SURVEY\100_0004\100_0004_0226.JPG,43,4366,0.009849,0.000000,0.004924,否
E:\SURVEY\100_0004\100_0004_0227.JPG,43,4366,0.009849,0.000000,0.004924,否
E:\SURVEY\100_0004\100_0004_0228.JPG,46,4366,0.010536,0.003207,0.006871,是
E:\SURVEY\100_0004\100_0004_0229.JPG,44,4366,0.010078,0.000000,0.005039,是
E:\SURVEY\100_0004\100_0004_0230.JPG,44,4366,0.010078,0.000000,0.005039,是
E:\SURVEY\100_0004\100_0004_0231.JPG,43,4366,0.009849,0.000000,0.004924,否
E:\SURVEY\100_0004\100_0004_0232.JPG,44,4366,0.010078,0.000000,0.005039,是
E:\SURVEY\100_0004\100_0004_0233.JPG,45,4366,0.010307,0.000000,0.005153,是
E:\SURVEY\100_0004\100_0004_0234.JPG,44,4366,0.010078,0.000000,0.005039,是
E:\SURVEY\100_0004\100_0004_0235.JPG,43,4366,0.009849,0.000000,0.004924,否
E:\SURVEY\100_0004\100_0004_0236.JPG,44,4366,0.010078,0.000000,0.005039,是
E:\SURVEY\100_0004\100_0004_0237.JPG,44,4366,0.010078,0.000000,0.005039,是
E:\SURVEY\100_0004\100_0004_0238.JPG,44,4366,0.010078,0.000000,0.005039,是
E:\SURVEY\100_0004\100_0004_0239.JPG,43,4366,0.009849,0.000000,0.004924,否
E:\SURVEY\100_0004\100_0004_0240.JPG,43,4366,0.009849,0.000000,0.004924,否
E:\SURVEY\100_0004\100_0004_0241.JPG,45,4366,0.010307,0.000000,0.005153,是
E:\SURVEY\100_0004\100_0004_0242.JPG,44,4366,0.010078,0.000000,0.005039,是
E:\SURVEY\100_0004\100_0004_0243.JPG,44,4366,0.010078,0.000000,0.005039,是
E:\SURVEY\100_0004\100_0004_0244.JPG,45,4366,0.010307,0.000229,0.005268,是
E:\SURVEY\100_0004\100_0004_0245.JPG,44,4366,0.010078,0.000000,0.005039,是
E:\SURVEY\100_0004\100_0004_0246.JPG,45,4366,0.010307,0.001832,0.006070,是
E:\SURVEY\100_0004\100_0004_0247.JPG,44,4366,0.010078,0.000000,0.005039,是
E:\SURVEY\100_0004\100_0004_0248.JPG,42,4366,0.009620,0.000000,0.004810,否
E:\SURVEY\100_0004\100_0004_0249.JPG,44,4366,0.010078,0.000000,0.005039,是
E:\SURVEY\100_0004\100_0004_0250.JPG,44,4366,0.010078,0.000000,0.005039,是
E:\SURVEY\100_0004\100_0004_0251.JPG,45,4366,0.010307,0.000000,0.005153,是
E:\SURVEY\100_0004\100_0004_0252.JPG,45,4366,0.010307,0.000000,0.005153,是
E:\SURVEY\100_0004\100_0004_0253.JPG,43,4366,0.009849,0.000000,0.004924,否
E:\SURVEY\100_0004\100_0004_0254.JPG,43,4366,0.009849,0.000000,0.004924,否
E:\SURVEY\100_0004\100_0004_0255.JPG,43,4366,0.009849,0.000000,0.004924,否
E:\SURVEY\100_0004\100_0004_0256.JPG,45,4366,0.010307,0.000000,0.005153,是
E:\SURVEY\100_0004\100_0004_0257.JPG,44,4366,0.010078,0.000000,0.005039,是
E:\SURVEY\100_0004\100_0004_0258.JPG,43,4366,0.009849,0.000000,0.004924,否
E:\SURVEY\100_0004\100_0004_0259.JPG,43,4366,0.009849,0.000000,0.004924,否
E:\SURVEY\100_0004\100_0004_0260.JPG,46,4366,0.010536,0.000687,0.005612,是
E:\SURVEY\100_0004\100_0004_0261.JPG,44,4366,0.010078,0.000000,0.005039,是
E:\SURVEY\100_0004\100_0004_0262.JPG,44,4366,0.010078,0.000000,0.005039,是
E:\SURVEY\100_0004\100_0004_0263.JPG,43,4366,0.009849,0.000000,0.004924,否
E:\SURVEY\100_0004\100_0004_0264.JPG,43,4366,0.009849,0.000000,0.004924,否
E:\SURVEY\100_0004\100_0004_0265.JPG,45,4366,0.010307,0.000000,0.005153,是
E:\SURVEY\100_0004\100_0004_0266.JPG,43,4366,0.009849,0.000000,0.004924,否
E:\SURVEY\100_0004\100_0004_0267.JPG,43,4366,0.009849,0.000000,0.004924,否
E:\SURVEY\100_0004\100_0004_0268.JPG,44,4366,0.010078,0.000000,0.005039,是
E:\SURVEY\100_0004\100_0004_0269.JPG,46,4366,0.010536,0.005268,0.007902,是
E:\SURVEY\100_0004\100_0004_0270.JPG,45,4366,0.010307,0.000687,0.005497,是
E:\SURVEY\100_0004\100_0004_0271.JPG,44,4366,0.010078,0.000000,0.005039,是
E:\SURVEY\100_0004\100_0004_0272.JPG,45,4366,0.010307,0.000000,0.005153,是
E:\SURVEY\100_0004\100_0004_0273.JPG,43,4366,0.009849,0.000000,0.004924,否
E:\SURVEY\100_0005\100_0005_0001.JPG,44,4366,0.010078,0.000000,0.005039,是
E:\SURVEY\100_0005\100_0005_0002.JPG,44,4366,0.010078,0.000000,0.005039,是
E:\SURVEY\100_0005\100_0005_0003.JPG,44,4366,0.010078,0.000000,0.005039,是
E:\SURVEY\100_0005\100_0005_0004.JPG,44,4366,0.010078,0.000000,0.005039,是
E:\SURVEY\100_0005\100_0005_0005.JPG,44,4366,0.010078,0.000000,0.005039,是
E:\SURVEY\100_0005\100_0005_0006.JPG,44,4366,0.010078,0.000000,0.005039,是
E:\SURVEY\100_0005\100_0005_0007.JPG,45,4366,0.010307,0.000000,0.005153,是
E:\SURVEY\100_0005\100_0005_0008.JPG,44,4366,0.010078,0.000000,0.005039,是
E:\SURVEY\100_0005\100_0005_0009.JPG,46,4366,0.010536,0.006184,0.008360,是
E:\SURVEY\100_0005\100_0005_0010.JPG,43,4366,0.009849,0.000000,0.004924,否
E:\SURVEY\100_0005\100_0005_0011.JPG,43,4366,0.009849,0.000000,0.004924,否
E:\SURVEY\100_0005\100_0005_0012.JPG,45,4366,0.010307,0.000000,0.005153,是
E:\SURVEY\100_0005\100_0005_0013.JPG,44,4366,0.010078,0.000000,0.005039,是
E:\SURVEY\100_0005\100_0005_0014.JPG,45,4366,0.010307,0.000000,0.005153,是
E:\SURVEY\100_0005\100_0005_0015.JPG,44,4366,0.010078,0.000000,0.005039,是
E:\SURVEY\100_0005\100_0005_0016.JPG,45,4366,0.010307,0.000458,0.005383,是
E:\SURVEY\100_0005\100_0005_0017.JPG,45,4366,0.010307,0.000000,0.005153,是
E:\SURVEY\100_0005\100_0005_0018.JPG,44,4366,0.010078,0.000000,0.005039,是
E:\SURVEY\100_0005\100_0005_0019.JPG,43,4366,0.009849,0.000000,0.004924,否
E:\SURVEY\100_0005\100_0005_0020.JPG,43,4366,0.009849,0.000000,0.004924,否
E:\SURVEY\100_0005\100_0005_0021.JPG,43,4366,0.009849,0.000229,0.005039,是
E:\SURVEY\100_0005\100_0005_0022.JPG,44,4366,0.010078,0.000000,0.005039,是
E:\SURVEY\100_0005\100_0005_0023.JPG,46,4366,0.010536,0.005726,0.008131,是
E:\SURVEY\100_0005\100_0005_0024.JPG,45,4366,0.010307,0.000000,0.005153,是
E:\SURVEY\100_0005\100_0005_0025.JPG,45,4366,0.010307,0.000000,0.005153,是
E:\SURVEY\100_0005\100_0005_0026.JPG,43,4366,0.009849,0.000000,0.004924,否
E:\SURVEY\100_0005\100_0005_0027.JPG,43,4366,0.009849,0.000000,0.004924,否
E:\SURVEY\100_0005\100_0005_0028.JPG,44,4366,0.010078,0.000000,0.005039,是
E:\SURVEY\100_0005\100_0005_0029.JPG,46,4366,0.010536,0.001832,0.006184,是
E:\SURVEY\100_0005\100_0005_0030.JPG,44,4366,0.010078,0.000000,0.005039,是
E:\SURVEY\100_0005\100_0005_0031.JPG,45,4366,0.010307,0.000000,0.005153,是
E:\SURVEY\100_0005\100_0005_0032.JPG,43,4366,0.009849,0.000000,0.004924,否
E:\SURVEY\100_0005\100_0005_0033.JPG,44,4366,0.010078,0.000000,0.005039,是
E:\SURVEY\100_0005\100_0005_0034.JPG,45,4366,0.010307,0.000000,0.005153,是
E:\SURVEY\100_0005\100_0005_0035.JPG,43,4366,0.009849,0.000000,0.004924,否
E:\SURVEY\100_0005\100_0005_0036.JPG,44,4366,0.010078,0.000000,0.005039,是
E:\SURVEY\100_0005\100_0005_0037.JPG,44,4366,0.010078,0.000000,0.005039,是
E:\SURVEY\100_0005\100_0005_0038.JPG,45,4366,0.010307,0.000000,0.005153,是
E:\SURVEY\100_0005\100_0005_0039.JPG,44,4366,0.010078,0.000000,0.005039,是
E:\SURVEY\100_0005\100_0005_0040.JPG,43,4366,0.009849,0.000000,0.004924,否
E:\SURVEY\100_0005\100_0005_0041.JPG,44,4366,0.010078,0.000000,0.005039,是
E:\SURVEY\100_0005\100_0005_0042.JPG,44,4366,0.010078,0.000000,0.005039,是
E:\SURVEY\100_0005\100_0005_0043.JPG,44,4366,0.010078,0.000229,0.005153,是
E:\SURVEY\100_0005\100_0005_0044.JPG,44,4366,0.010078,0.000229,0.005153,是
E:\SURVEY\100_0005\100_0005_0045.JPG,45,4366,0.010307,0.000458,0.005383,是
E:\SURVEY\100_0005\100_0005_0046.JPG,44,4366,0.010078,0.000000,0.005039,是
E:\SURVEY\100_0005\100_0005_0047.JPG,44,4366,0.010078,0.000000,0.005039,是
E:\SURVEY\100_0005\100_0005_0048.JPG,43,4366,0.009849,0.000000,0.004924,否
E:\SURVEY\100_0005\100_0005_0049.JPG,43,4366,0.009849,0.000000,0.004924,否
E:\SURVEY\100_0005\100_0005_0050.JPG,46,4366,0.010536,0.001145,0.005841,是
E:\SURVEY\100_0005\100_0005_0051.JPG,45,4366,0.010307,0.000000,0.005153,是
E:\SURVEY\100_0005\100_0005_0052.JPG,44,4366,0.010078,0.000000,0.005039,是
E:\SURVEY\100_0005\100_0005_0053.JPG,45,4366,0.010307,0.000000,0.005153,是
E:\SURVEY\100_0005\100_0005_0054.JPG,44,4366,0.010078,0.000000,0.005039,是
E:\SURVEY\100_0005\100_0005_0055.JPG,44,4366,0.010078,0.000000,0.005039,是
E:\SURVEY\100_0005\100_0005_0056.JPG,43,4366,0.009849,0.000000,0.004924,否
E:\SURVEY\100_0005\100_0005_0057.JPG,45,4366,0.010307,0.000000,0.005153,是
E:\SURVEY\100_0005\100_0005_0058.JPG,44,4366,0.010078,0.000000,0.005039,是
E:\SURVEY\100_0005\100_0005_0059.JPG,44,4366,0.010078,0.000000,0.005039,是
E:\SURVEY\100_0005\100_0005_0060.JPG,44,4366,0.010078,0.000000,0.005039,是
E:\SURVEY\100_0005\100_0005_0061.JPG,43,4366,0.009849,0.000000,0.004924,否
E:\SURVEY\100_0005\100_0005_0062.JPG,43,4366,0.009849,0.000000,0.004924,否
E:\SURVEY\100_0005\100_0005_0063.JPG,44,4366,0.010078,0.000000,0.005039,是
E:\SURVEY\100_0005\100_0005_0064.JPG,44,4366,0.010078,0.000000,0.005039,是
E:\SURVEY\100_0005\100_0005_0065.JPG,44,4366,0.010078,0.000000,0.005039,是
E:\SURVEY\100_0005\100_0005_0066.JPG,45,4366,0.010307,0.000229,0.005268,是
E:\SURVEY\100_0005\100_0005_0067.JPG,43,4366,0.009849,0.000000,0.004924,否
E:\SURVEY\100_0005\100_0005_0068.JPG,46,4366,0.010536,0.008475,0.009505,是
E:\SURVEY\100_0005\100_0005_0069.JPG,43,4366,0.009849,0.000000,0.004924,否
E:\SURVEY\100_0005\100_0005_0070.JPG,45,4366,0.010307,0.000000,0.005153,是
E:\SURVEY\100_0005\100_0005_0071.JPG,44,4366,0.010078,0.000000,0.005039,是
E:\SURVEY\100_0005\100_0005_0072.JPG,44,4366,0.010078,0.000000,0.005039,是
E:\SURVEY\100_0005\100_0005_0073.JPG,43,4366,0.009849,0.000000,0.004924,否
E:\SURVEY\100_0005\100_0005_0074.JPG,43,4366,0.009849,0.000000,0.004924,否
E:\SURVEY\100_0005\100_0005_0075.JPG,45,4366,0.010307,0.000000,0.005153,是
E:\SURVEY\100_0005\100_0005_0076.JPG,43,4366,0.009849,0.000000,0.004924,否
E:\SURVEY\100_0005\100_0005_0077.JPG,44,4366,0.010078,0.000000,0.005039,是
E:\SURVEY\100_0005\100_0005_0078.JPG,45,4366,0.010307,0.000000,0.005153,是
E:\SURVEY\100_0005\100_0005_0079.JPG,45,4366,0.010307,0.000000,0.005153,是
E:\SURVEY\100_0005\100_0005_0080.JPG,44,4366,0.010078,0.000000,0.005039,是
E:\SURVEY\100_0005\100_0005_0081.JPG,43,4366,0.009849,0.000000,0.004924,否
E:\SURVEY\100_0005\100_0005_0082.JPG,43,4366,0.009849,0.000000,0.004924,否
E:\SURVEY\100_0005\100_0005_0083.JPG,44,4366,0.010078,0.000000,0.005039,是
E:\SURVEY\100_0005\100_0005_0084.JPG,43,4366,0.009849,0.000000,0.004924,否
E:\SURVEY\100_0005\100_0005_0085.JPG,44,4366,0.010078,0.000000,0.005039,是
E:\SURVEY\100_0005\100_0005_0086.JPG,44,4366,0.010078,0.000000,0.005039,是
E:\SURVEY\100_0005\100_0005_0087.JPG,44,4366,0.010078,0.000000,0.005039,是
E:\SURVEY\100_0005\100_0005_0088.JPG,45,4366,0.010307,0.000229,0.005268,是
E:\SURVEY\100_0005\100_0005_0089.JPG,43,4366,0.009849,0.000000,0.004924,否
E:\SURVEY\100_0005\100_0005_0090.JPG,43,4366,0.009849,0.000000,0.004924,否
E:\SURVEY\100_0005\100_0005_0091.JPG,47,4366,0.010765,0.003436,0.007100,是
E:\SURVEY\100_0005\100_0005_0092.JPG,45,4366,0.010307,0.000000,0.005153,是
E:\SURVEY\100_0005\100_0005_0093.JPG,44,4366,0.010078,0.000000,0.005039,是
E:\SURVEY\100_0005\100_0005_0094.JPG,45,4366,0.010307,0.000000,0.005153,是
E:\SURVEY\100_0005\100_0005_0095.JPG,44,4366,0.010078,0.000000,0.005039,是
E:\SURVEY\100_0005\100_0005_0096.JPG,43,4366,0.009849,0.000000,0.004924,否
E:\SURVEY\100_0005\100_0005_0097.JPG,44,4366,0.010078,0.000000,0.005039,是
E:\SURVEY\100_0005\100_0005_0098.JPG,43,4366,0.009849,0.000000,0.004924,否
E:\SURVEY\100_0005\100_0005_0099.JPG,43,4366,0.009849,0.000000,0.004924,否
E:\SURVEY\100_0005\100_0005_0100.JPG,44,4366,0.010078,0.000000,0.005039,是
E:\SURVEY\100_0005\100_0005_0101.JPG,44,4366,0.010078,0.000000,0.005039,是
E:\SURVEY\100_0005\100_0005_0102.JPG,43,4366,0.009849,0.000000,0.004924,否
E:\SURVEY\100_0005\100_0005_0103.JPG,44,4366,0.010078,0.000000,0.005039,是
E:\SURVEY\100_0005\100_0005_0104.JPG,43,4366,0.009849,0.000000,0.004924,否
E:\SURVEY\100_0005\100_0005_0105.JPG,44,4366,0.010078,0.000000,0.005039,是
E:\SURVEY\100_0005\100_0005_0106.JPG,44,4366,0.010078,0.000000,0.005039,是
E:\SURVEY\100_0005\100_0005_0107.JPG,44,4366,0.010078,0.000000,0.005039,是
E:\SURVEY\100_0005\100_0005_0108.JPG,44,4366,0.010078,0.000000,0.005039,是
E:\SURVEY\100_0005\100_0005_0109.JPG,44,4366,0.010078,0.000000,0.005039,是
E:\SURVEY\100_0005\100_0005_0110.JPG,45,4366,0.010307,0.000000,0.005153,是
E:\SURVEY\100_0005\100_0005_0111.JPG,43,4366,0.009849,0.000000,0.004924,否
E:\SURVEY\100_0005\100_0005_0112.JPG,44,4366,0.010078,0.000000,0.005039,是
E:\SURVEY\100_0005\100_0005_0113.JPG,44,4366,0.010078,0.000687,0.005383,是
E:\SURVEY\100_0005\100_0005_0114.JPG,44,4366,0.010078,0.000000,0.005039,是
E:\SURVEY\100_0005\100_0005_0115.JPG,42,4366,0.009620,0.000000,0.004810,否
E:\SURVEY\100_0005\100_0005_0116.JPG,44,4366,0.010078,0.000000,0.005039,是
E:\SURVEY\100_0005\100_0005_0117.JPG,44,4366,0.010078,0.000000,0.005039,是
E:\SURVEY\100_0005\100_0005_0118.JPG,43,4366,0.009849,0.000000,0.004924,否
E:\SURVEY\100_0005\100_0005_0119.JPG,43,4366,0.009849,0.000000,0.004924,否
E:\SURVEY\100_0005\100_0005_0120.JPG,46,4366,0.010536,0.005497,0.008016,是
E:\SURVEY\100_0005\100_0005_0121.JPG,45,4366,0.010307,0.000000,0.005153,是
E:\SURVEY\100_0005\100_0005_0122.JPG,45,4366,0.010307,0.000000,0.005153,是
E:\SURVEY\100_0005\100_0005_0123.JPG,43,4366,0.009849,0.000000,0.004924,否
E:\SURVEY\100_0005\100_0005_0124.JPG,43,4366,0.009849,0.000000,0.004924,否
E:\SURVEY\100_0005\100_0005_0125.JPG,46,4366,0.010536,0.000458,0.005497,是
E:\SURVEY\100_0005\100_0005_0126.JPG,44,4366,0.010078,0.000000,0.005039,是
E:\SURVEY\100_0005\100_0005_0127.JPG,43,4366,0.009849,0.000000,0.004924,否
E:\SURVEY\100_0005\100_0005_0128.JPG,44,4366,0.010078,0.000000,0.005039,是
E:\SURVEY\100_0005\100_0005_0129.JPG,46,4366,0.010536,0.000000,0.005268,是
E:\SURVEY\100_0005\100_0005_0130.JPG,45,4366,0.010307,0.000000,0.005153,是
E:\SURVEY\100_0005\100_0005_0131.JPG,44,4366,0.010078,0.000000,0.005039,是
E:\SURVEY\100_0005\100_0005_0132.JPG,42,4366,0.009620,0.000000,0.004810,否
E:\SURVEY\100_0005\100_0005_0133.JPG,44,4366,0.010078,0.000000,0.005039,是
E:\SURVEY\100_0005\100_0005_0134.JPG,45,4366,0.010307,0.000000,0.005153,是
E:\SURVEY\100_0005\100_0005_0135.JPG,44,4366,0.010078,0.000458,0.005268,是
E:\SURVEY\100_0005\100_0005_0136.JPG,44,4366,0.010078,0.000916,0.005497,是
E:\SURVEY\100_0005\100_0005_0137.JPG,44,4366,0.010078,0.000000,0.005039,是
E:\SURVEY\100_0005\100_0005_0138.JPG,41,4366,0.009391,0.000000,0.004695,否
E:\SURVEY\100_0005\100_0005_0139.JPG,44,4366,0.010078,0.000000,0.005039,是
E:\SURVEY\100_0005\100_0005_0140.JPG,43,4366,0.009849,0.000000,0.004924,否
E:\SURVEY\100_0005\100_0005_0141.JPG,43,4366,0.009849,0.000000,0.004924,否
E:\SURVEY\100_0005\100_0005_0142.JPG,45,4366,0.010307,0.000000,0.005153,是
E:\SURVEY\100_0005\100_0005_0143.JPG,44,4366,0.010078,0.000000,0.005039,是
E:\SURVEY\100_0005\100_0005_0144.JPG,42,4366,0.009620,0.000000,0.004810,否
E:\SURVEY\100_0005\100_0005_0145.JPG,44,4366,0.010078,0.000000,0.005039,是
E:\SURVEY\100_0005\100_0005_0146.JPG,45,4366,0.010307,0.000000,0.005153,是
E:\SURVEY\100_0005\100_0005_0147.JPG,45,4366,0.010307,0.000000,0.005153,是
E:\SURVEY\100_0005\100_0005_0148.JPG,44,4366,0.010078,0.000000,0.005039,是
E:\SURVEY\100_0005\100_0005_0149.JPG,42,4366,0.009620,0.000000,0.004810,否
E:\SURVEY\100_0005\100_0005_0150.JPG,44,4366,0.010078,0.000000,0.005039,是
E:\SURVEY\100_0005\100_0005_0151.JPG,45,4366,0.010307,0.000458,0.005383,是
E:\SURVEY\100_0005\100_0005_0152.JPG,45,4366,0.010307,0.000000,0.005153,是
E:\SURVEY\100_0005\100_0005_0153.JPG,43,4366,0.009849,0.000000,0.004924,否
E:\SURVEY\100_0005\100_0005_0154.JPG,44,4366,0.010078,0.000000,0.005039,是
E:\SURVEY\100_0005\100_0005_0155.JPG,45,4366,0.010307,0.000000,0.005153,是
E:\SURVEY\100_0005\100_0005_0156.JPG,44,4366,0.010078,0.000000,0.005039,是
E:\SURVEY\100_0005\100_0005_0157.JPG,42,4366,0.009620,0.000000,0.004810,否
E:\SURVEY\100_0005\100_0005_0158.JPG,43,4366,0.009849,0.000000,0.004924,否
E:\SURVEY\100_0005\100_0005_0159.JPG,46,4366,0.010536,0.005726,0.008131,是
E:\SURVEY\100_0005\100_0005_0160.JPG,43,4366,0.009849,0.000000,0.004924,否
E:\SURVEY\100_0005\100_0005_0161.JPG,44,4366,0.010078,0.000000,0.005039,是
E:\SURVEY\100_0005\100_0005_0162.JPG,43,4366,0.009849,0.000000,0.004924,否
E:\SURVEY\100_0005\100_0005_0163.JPG,43,4366,0.009849,0.000000,0.004924,否
E:\SURVEY\100_0005\100_0005_0164.JPG,44,4366,0.010078,0.000000,0.005039,是
E:\SURVEY\100_0005\100_0005_0165.JPG,45,4366,0.010307,0.000000,0.005153,是
E:\SURVEY\100_0005\100_0005_0166.JPG,45,4366,0.010307,0.000000,0.005153,是
E:\SURVEY\100_0005\100_0005_0167.JPG,43,4366,0.009849,0.000000,0.004924,否
E:\SURVEY\100_0005\100_0005_0168.JPG,44,4366,0.010078,0.000000,0.005039,是
E:\SURVEY\100_0005\100_0005_0169.JPG,45,4366,0.010307,0.000000,0.005153,是
E:\SURVEY\100_0005\100_0005_0170.JPG,45,4366,0.010307,0.000000,0.005153,是
E:\SURVEY\100_0005\100_0005_0171.JPG,44,4366,0.010078,0.000000,0.005039,是
E:\SURVEY\100_0005\100_0005_0172.JPG,42,4366,0.009620,0.000000,0.004810,否
E:\SURVEY\100_0005\100_0005_0173.JPG,44,4366,0.010078,0.000000,0.005039,是
E:\SURVEY\100_0005\100_0005_0174.JPG,45,4366,0.010307,0.000000,0.005153,是
E:\SURVEY\100_0005\100_0005_0175.JPG,43,4366,0.009849,0.000000,0.004924,否
E:\SURVEY\100_0005\100_0005_0176.JPG,43,4366,0.009849,0.000000,0.004924,否
E:\SURVEY\100_0005\100_0005_0177.JPG,45,4366,0.010307,0.000000,0.005153,是
E:\SURVEY\100_0005\100_0005_0178.JPG,45,4366,0.010307,0.000000,0.005153,是
E:\SURVEY\100_0005\100_0005_0179.JPG,45,4366,0.010307,0.000000,0.005153,是
E:\SURVEY\100_0005\100_0005_0180.JPG,42,4366,0.009620,0.000000,0.004810,否
E:\SURVEY\100_0005\100_0005_0181.JPG,43,4366,0.009849,0.000000,0.004924,否
E:\SURVEY\100_0005\100_0005_0182.JPG,47,4366,0.010765,0.008933,0.009849,是
E:\SURVEY\100_0005\100_0005_0183.JPG,41,4366,0.009391,0.000000,0.004695,否
E:\SURVEY\100_0005\100_0005_0184.JPG,46,4366,0.010536,0.002749,0.006642,是
E:\SURVEY\100_0005\100_0005_0185.JPG,44,4366,0.010078,0.000000,0.005039,是
E:\SURVEY\100_0005\100_0005_0186.JPG,45,4366,0.010307,0.000000,0.005153,是
E:\SURVEY\100_0005\100_0005_0187.JPG,44,4366,0.010078,0.000000,0.005039,是
E:\SURVEY\100_0005\100_0005_0188.JPG,44,4366,0.010078,0.000000,0.005039,是
E:\SURVEY\100_0005\100_0005_0189.JPG,43,4366,0.009849,0.000000,0.004924,否
E:\SURVEY\100_0005\100_0005_0190.JPG,44,4366,0.010078,0.000000,0.005039,是
E:\SURVEY\100_0005\100_0005_0191.JPG,44,4366,0.010078,0.000000,0.005039,是
E:\SURVEY\100_0005\100_0005_0192.JPG,43,4366,0.009849,0.000000,0.004924,否
E:\SURVEY\100_0005\100_0005_0193.JPG,44,4366,0.010078,0.000000,0.005039,是
E:\SURVEY\100_0005\100_0005_0194.JPG,44,4366,0.010078,0.000000,0.005039,是
E:\SURVEY\100_0005\100_0005_0195.JPG,45,4366,0.010307,0.000229,0.005268,是
E:\SURVEY\100_0005\100_0005_0196.JPG,44,4366,0.010078,0.000000,0.005039,是
E:\SURVEY\100_0005\100_0005_0197.JPG,43,4366,0.009849,0.000000,0.004924,否
E:\SURVEY\100_0005\100_0005_0198.JPG,44,4366,0.010078,0.000000,0.005039,是
E:\SURVEY\100_0005\100_0005_0199.JPG,44,4366,0.010078,0.000000,0.005039,是
E:\SURVEY\100_0005\100_0005_0200.JPG,45,4366,0.010307,0.000000,0.005153,是
E:\SURVEY\100_0005\100_0005_0201.JPG,43,4366,0.009849,0.000000,0.004924,否
E:\SURVEY\100_0005\100_0005_0202.JPG,44,4366,0.010078,0.000000,0.005039,是
E:\SURVEY\100_0005\100_0005_0203.JPG,45,4366,0.010307,0.000000,0.005153,是
E:\SURVEY\100_0005\100_0005_0204.JPG,44,4366,0.010078,0.000000,0.005039,是
E:\SURVEY\100_0005\100_0005_0205.JPG,46,4366,0.010536,0.009849,0.010192,是
E:\SURVEY\100_0005\100_0005_0206.JPG,44,4366,0.010078,0.000000,0.005039,是
E:\SURVEY\100_0005\100_0005_0207.JPG,45,4366,0.010307,0.000000,0.005153,是
E:\SURVEY\100_0005\100_0005_0208.JPG,44,4366,0.010078,0.000000,0.005039,是
E:\SURVEY\100_0005\100_0005_0209.JPG,44,4366,0.010078,0.000000,0.005039,是
E:\SURVEY\100_0005\100_0005_0210.JPG,44,4366,0.010078,0.000000,0.005039,是
E:\SURVEY\100_0005\100_0005_0211.JPG,46,4366,0.010536,0.006642,0.008589,是
E:\SURVEY\100_0005\100_0005_0212.JPG,43,4366,0.009849,0.000000,0.004924,否
E:\SURVEY\100_0005\100_0005_0213.JPG,43,4366,0.009849,0.000000,0.004924,否
E:\SURVEY\100_0005\100_0005_0214.JPG,45,4366,0.010307,0.000000,0.005153,是
E:\SURVEY\100_0005\100_0005_0215.JPG,45,4366,0.010307,0.000000,0.005153,是
E:\SURVEY\100_0005\100_0005_0216.JPG,45,4366,0.010307,0.000000,0.005153,是
E:\SURVEY\100_0005\100_0005_0217.JPG,43,4366,0.009849,0.000000,0.004924,否
E:\SURVEY\100_0005\100_0005_0218.JPG,45,4366,0.010307,0.000000,0.005153,是
E:\SURVEY\100_0005\100_0005_0219.JPG,45,4366,0.010307,0.000000,0.005153,是
E:\SURVEY\100_0005\100_0005_0220.JPG,44,4366,0.010078,0.000000,0.005039,是
E:\SURVEY\100_0005\100_0005_0221.JPG,43,4366,0.009849,0.000000,0.004924,否
E:\SURVEY\100_0005\100_0005_0222.JPG,43,4366,0.009849,0.000000,0.004924,否
E:\SURVEY\100_0005\100_0005_0223.JPG,44,4366,0.010078,0.000000,0.005039,是
E:\SURVEY\100_0005\100_0005_0224.JPG,46,4366,0.010536,0.000916,0.005726,是
E:\SURVEY\100_0005\100_0005_0225.JPG,43,4366,0.009849,0.000000,0.004924,否
E:\SURVEY\100_0005\100_0005_0226.JPG,44,4366,0.010078,0.000458,0.005268,是
E:\SURVEY\100_0005\100_0005_0227.JPG,46,4366,0.010536,0.003894,0.007215,是
E:\SURVEY\100_0005\100_0005_0228.JPG,46,4366,0.010536,0.001374,0.005955,是
E:\SURVEY\100_0005\100_0005_0229.JPG,41,4366,0.009391,0.000000,0.004695,否
E:\SURVEY\100_0005\100_0005_0230.JPG,44,4366,0.010078,0.000000,0.005039,是
E:\SURVEY\100_0005\100_0005_0231.JPG,44,4366,0.010078,0.000000,0.005039,是
E:\SURVEY\100_0005\100_0005_0232.JPG,43,4366,0.009849,0.000000,0.004924,否
E:\SURVEY\100_0005\100_0005_0233.JPG,44,4366,0.010078,0.000000,0.005039,是
E:\SURVEY\100_0005\100_0005_0234.JPG,44,4366,0.010078,0.000000,0.005039,是
E:\SURVEY\100_0005\100_0005_0235.JPG,45,4366,0.010307,0.000000,0.005153,是
E:\SURVEY\100_0005\100_0005_0236.JPG,44,4366,0.010078,0.000000,0.005039,是
E:\SURVEY\100_0005\100_0005_0237.JPG,44,4366,0.010078,0.000000,0.005039,是
E:\SURVEY\100_0005\100_0005_0238.JPG,45,4366,0.010307,0.000000,0.005153,是
E:\SURVEY\100_0005\100_0005_0239.JPG,43,4366,0.009849,0.000000,0.004924,否
E:\SURVEY\100_0005\100_0005_0240.JPG,45,4366,0.010307,0.000000,0.005153,是
E:\SURVEY\100_0005\100_0005_0241.JPG,44,4366,0.010078,0.000000,0.005039,是
E:\SURVEY\100_0005\100_0005_0242.JPG,44,4366,0.010078,0.000000,0.005039,是
E:\SURVEY\100_0005\100_0005_0243.JPG,44,4366,0.010078,0.000000,0.005039,是
E:\SURVEY\100_0005\100_0005_0244.JPG,45,4366,0.010307,0.000000,0.005153,是
E:\SURVEY\100_0005\100_0005_0245.JPG,45,4366,0.010307,0.000000,0.005153,是
E:\SURVEY\100_0005\100_0005_0246.JPG,45,4366,0.010307,0.000000,0.005153,是
E:\SURVEY\100_0005\100_0005_0247.JPG,43,4366,0.009849,0.000000,0.004924,否
E:\SURVEY\100_0005\100_0005_0248.JPG,45,4366,0.010307,0.000000,0.005153,是
E:\SURVEY\100_0005\100_0005_0249.JPG,44,4366,0.010078,0.000229,0.005153,是
E:\SURVEY\100_0005\100_0005_0250.JPG,43,4366,0.009849,0.000000,0.004924,否
E:\SURVEY\100_0005\100_0005_0251.JPG,44,4366,0.010078,0.000000,0.005039,是
E:\SURVEY\100_0005\100_0005_0252.JPG,43,4366,0.009849,0.000000,0.004924,否
E:\SURVEY\100_0005\100_0005_0253.JPG,45,4366,0.010307,0.000000,0.005153,是
E:\SURVEY\100_0005\100_0005_0254.JPG,44,4366,0.010078,0.000000,0.005039,是
E:\SURVEY\100_0005\100_0005_0255.JPG,43,4366,0.009849,0.000000,0.004924,否
E:\SURVEY\100_0005\100_0005_0256.JPG,44,4366,0.010078,0.000000,0.005039,是
E:\SURVEY\100_0005\100_0005_0257.JPG,46,4366,0.010536,0.002519,0.006528,是
E:\SURVEY\100_0005\100_0005_0258.JPG,44,4366,0.010078,0.000000,0.005039,是
E:\SURVEY\100_0005\100_0005_0259.JPG,43,4366,0.009849,0.000000,0.004924,否
E:\SURVEY\100_0005\100_0005_0260.JPG,43,4366,0.009849,0.000000,0.004924,否
E:\SURVEY\100_0005\100_0005_0261.JPG,45,4366,0.010307,0.000000,0.005153,是
E:\SURVEY\100_0005\100_0005_0262.JPG,44,4366,0.010078,0.000000,0.005039,是
E:\SURVEY\100_0005\100_0005_0263.JPG,43,4366,0.009849,0.000000,0.004924,否
E:\SURVEY\100_0005\100_0005_0264.JPG,44,4366,0.010078,0.000000,0.005039,是
E:\SURVEY\100_0005\100_0005_0265.JPG,45,4366,0.010307,0.000000,0.005153,是
E:\SURVEY\100_0005\100_0005_0266.JPG,45,4366,0.010307,0.000000,0.005153,是
E:\SURVEY\100_0005\100_0005_0267.JPG,45,4366,0.010307,0.000000,0.005153,是
E:\SURVEY\100_0005\100_0005_0268.JPG,42,4366,0.009620,0.000000,0.004810,否
E:\SURVEY\100_0005\100_0005_0269.JPG,43,4366,0.009849,0.000000,0.004924,否
E:\SURVEY\100_0005\100_0005_0270.JPG,45,4366,0.010307,0.000687,0.005497,是
E:\SURVEY\100_0005\100_0005_0271.JPG,44,4366,0.010078,0.000229,0.005153,是
E:\SURVEY\100_0005\100_0005_0272.JPG,45,4366,0.010307,0.000687,0.005497,是
E:\SURVEY\100_0005\100_0005_0273.JPG,41,4366,0.009391,0.000000,0.004695,否
E:\SURVEY\100_0005\100_0005_0274.JPG,44,4366,0.010078,0.000000,0.005039,是
E:\SURVEY\100_0005\100_0005_0275.JPG,44,4366,0.010078,0.000000,0.005039,是
E:\SURVEY\100_0005\100_0005_0276.JPG,45,4366,0.010307,0.000000,0.005153,是
E:\SURVEY\100_0005\100_0005_0277.JPG,45,4366,0.010307,0.000000,0.005153,是
E:\SURVEY\100_0005\100_0005_0278.JPG,43,4366,0.009849,0.000000,0.004924,否
E:\SURVEY\100_0005\100_0005_0279.JPG,45,4366,0.010307,0.000000,0.005153,是
E:\SURVEY\100_0005\100_0005_0280.JPG,43,4366,0.009849,0.000000,0.004924,否
E:\SURVEY\100_0005\100_0005_0281.JPG,45,4366,0.010307,0.000000,0.005153,是
E:\SURVEY\100_0005\100_0005_0282.JPG,44,4366,0.010078,0.000000,0.005039,是
E:\SURVEY\100_0005\100_0005_0283.JPG,43,4366,0.009849,0.000000,0.004924,否
E:\SURVEY\100_0005\100_0005_0284.JPG,45,4366,0.010307,0.000000,0.005153,是
E:\SURVEY\100_0005\100_0005_0285.JPG,45,4366,0.010307,0.000000,0.005153,是
E:\SURVEY\100_0005\100_0005_0286.JPG,43,4366,0.009849,0.000000,0.004924,否
E:\SURVEY\100_0005\100_0005_0287.JPG,44,4366,0.010078,0.000000,0.005039,是
E:\SURVEY\100_0005\100_0005_0288.JPG,43,4366,0.009849,0.000000,0.004924,否
E:\SURVEY\100_0005\100_0005_0289.JPG,45,4366,0.010307,0.000000,0.005153,是
E:\SURVEY\100_0005\100_0005_0290.JPG,44,4366,0.010078,0.000000,0.005039,是
E:\SURVEY\100_0005\100_0005_0291.JPG,43,4366,0.009849,0.000000,0.004924,否
E:\SURVEY\100_0005\100_0005_0292.JPG,43,4366,0.009849,0.000000,0.004924,否
E:\SURVEY\100_0005\100_0005_0293.JPG,45,4366,0.010307,0.000458,0.005383,是
E:\SURVEY\100_0005\100_0005_0294.JPG,40,4366,0.009162,0.000000,0.004581,否
E:\SURVEY\100_0005\100_0005_0295.JPG,45,4366,0.010307,0.000000,0.005153,是
E:\SURVEY\100_0005\100_0005_0296.JPG,42,4366,0.009620,0.000000,0.004810,否
E:\SURVEY\100_0005\100_0005_0297.JPG,43,4366,0.009849,0.000000,0.004924,否
E:\SURVEY\100_0005\100_0005_0298.JPG,44,4366,0.010078,0.000000,0.005039,是
E:\SURVEY\100_0005\100_0005_0299.JPG,43,4366,0.009849,0.000000,0.004924,否
E:\SURVEY\100_0005\100_0005_0300.JPG,44,4366,0.010078,0.000000,0.005039,是
E:\SURVEY\100_0005\100_0005_0301.JPG,44,4366,0.010078,0.000000,0.005039,是
E:\SURVEY\100_0005\100_0005_0302.JPG,43,4366,0.009849,0.000000,0.004924,否
E:\SURVEY\100_0005\100_0005_0303.JPG,44,4366,0.010078,0.000000,0.005039,是
E:\SURVEY\100_0005\100_0005_0304.JPG,46,4366,0.010536,0.000687,0.005612,是
E:\SURVEY\100_0005\100_0005_0305.JPG,45,4366,0.010307,0.000000,0.005153,是
E:\SURVEY\100_0005\100_0005_0306.JPG,44,4366,0.010078,0.000000,0.005039,是
E:\SURVEY\100_0005\100_0005_0307.JPG,43,4366,0.009849,0.000000,0.004924,否
E:\SURVEY\100_0005\100_0005_0308.JPG,44,4366,0.010078,0.000000,0.005039,是
E:\SURVEY\100_0005\100_0005_0309.JPG,45,4366,0.010307,0.000000,0.005153,是
E:\SURVEY\100_0005\100_0005_0310.JPG,43,4366,0.009849,0.000000,0.004924,否
E:\SURVEY\100_0005\100_0005_0311.JPG,45,4366,0.010307,0.000000,0.005153,是
E:\SURVEY\100_0005\100_0005_0312.JPG,44,4366,0.010078,0.000000,0.005039,是
E:\SURVEY\100_0005\100_0005_0313.JPG,45,4366,0.010307,0.000000,0.005153,是
E:\SURVEY\100_0005\100_0005_0314.JPG,45,4366,0.010307,0.000687,0.005497,是
E:\SURVEY\100_0005\100_0005_0315.JPG,44,4366,0.010078,0.000229,0.005153,是
E:\SURVEY\100_0005\100_0005_0316.JPG,44,4366,0.010078,0.000229,0.005153,是
E:\SURVEY\100_0005\100_0005_0317.JPG,46,4366,0.010536,0.007329,0.008933,是
E:\SURVEY\100_0005\100_0005_0318.JPG,45,4366,0.010307,0.000000,0.005153,是
E:\SURVEY\100_0005\100_0005_0319.JPG,44,4366,0.010078,0.000000,0.005039,是
E:\SURVEY\100_0005\100_0005_0320.JPG,44,4366,0.010078,0.000000,0.005039,是
E:\SURVEY\100_0005\100_0005_0321.JPG,44,4366,0.010078,0.000000,0.005039,是
E:\SURVEY\100_0005\100_0005_0322.JPG,43,4366,0.009849,0.000000,0.004924,否
E:\SURVEY\100_0005\100_0005_0323.JPG,44,4366,0.010078,0.000000,0.005039,是
E:\SURVEY\100_0005\100_0005_0324.JPG,44,4366,0.010078,0.000000,0.005039,是
E:\SURVEY\100_0005\100_0005_0325.JPG,44,4366,0.010078,0.000000,0.005039,是
E:\SURVEY\100_0005\100_0005_0326.JPG,44,4366,0.010078,0.000000,0.005039,是
E:\SURVEY\100_0005\100_0005_0327.JPG,45,4366,0.010307,0.000000,0.005153,是
E:\SURVEY\100_0005\100_0005_0328.JPG,44,4366,0.010078,0.000000,0.005039,是
E:\SURVEY\100_0005\100_0005_0329.JPG,44,4366,0.010078,0.000000,0.005039,是
E:\SURVEY\100_0005\100_0005_0330.JPG,43,4366,0.009849,0.000000,0.004924,否
E:\SURVEY\100_0005\100_0005_0331.JPG,44,4366,0.010078,0.000000,0.005039,是
E:\SURVEY\100_0005\100_0005_0332.JPG,45,4366,0.010307,0.000000,0.005153,是
E:\SURVEY\100_0005\100_0005_0333.JPG,43,4366,0.009849,0.000000,0.004924,否
E:\SURVEY\100_0005\100_0005_0334.JPG,45,4366,0.010307,0.000000,0.005153,是
E:\SURVEY\100_0005\100_0005_0335.JPG,44,4366,0.010078,0.000000,0.005039,是
E:\SURVEY\100_0005\100_0005_0336.JPG,45,4366,0.010307,0.000000,0.005153,是
E:\SURVEY\100_0005\100_0005_0337.JPG,46,4366,0.010536,0.004810,0.007673,是
E:\SURVEY\100_0005\100_0005_0338.JPG,47,4366,0.010765,0.010765,0.010765,是
E:\SURVEY\100_0005\100_0005_0339.JPG,44,4366,0.010078,0.000458,0.005268,是
E:\SURVEY\100_0005\100_0005_0340.JPG,44,4366,0.010078,0.000000,0.005039,是
E:\SURVEY\100_0005\100_0005_0341.JPG,46,4366,0.010536,0.004581,0.007558,是
E:\SURVEY\100_0005\100_0005_0342.JPG,45,4366,0.010307,0.000000,0.005153,是
E:\SURVEY\100_0005\100_0005_0343.JPG,43,4366,0.009849,0.000000,0.004924,否
E:\SURVEY\100_0005\100_0005_0344.JPG,43,4366,0.009849,0.000000,0.004924,否
E:\SURVEY\100_0005\100_0005_0345.JPG,44,4366,0.010078,0.000000,0.005039,是
E:\SURVEY\100_0005\100_0005_0346.JPG,44,4366,0.010078,0.000000,0.005039,是
E:\SURVEY\100_0005\100_0005_0347.JPG,43,4366,0.009849,0.000000,0.004924,否
E:\SURVEY\100_0005\100_0005_0348.JPG,43,4366,0.009849,0.000000,0.004924,否
E:\SURVEY\100_0005\100_0005_0349.JPG,44,4366,0.010078,0.000000,0.005039,是
E:\SURVEY\100_0005\100_0005_0350.JPG,44,4366,0.010078,0.000000,0.005039,是
E:\SURVEY\100_0005\100_0005_0351.JPG,45,4366,0.010307,0.000000,0.005153,是
E:\SURVEY\100_0005\100_0005_0352.JPG,44,4366,0.010078,0.000000,0.005039,是
E:\SURVEY\100_0005\100_0005_0353.JPG,43,4366,0.009849,0.000000,0.004924,否
E:\SURVEY\100_0005\100_0005_0354.JPG,45,4366,0.010307,0.000000,0.005153,是
E:\SURVEY\100_0005\100_0005_0355.JPG,44,4366,0.010078,0.000000,0.005039,是
E:\SURVEY\100_0005\100_0005_0356.JPG,43,4366,0.009849,0.000000,0.004924,否
E:\SURVEY\100_0005\100_0005_0357.JPG,43,4366,0.009849,0.000000,0.004924,否
E:\SURVEY\100_0005\100_0005_0358.JPG,44,4366,0.010078,0.000458,0.005268,是
E:\SURVEY\100_0005\100_0005_0359.JPG,43,4366,0.009849,0.000000,0.004924,否
E:\SURVEY\100_0005\100_0005_0360.JPG,45,4366,0.010307,0.001145,0.005726,是
E:\SURVEY\100_0005\100_0005_0361.JPG,44,4366,0.010078,0.000458,0.005268,是
E:\SURVEY\100_0005\100_0005_0362.JPG,44,4366,0.010078,0.000000,0.005039,是
E:\SURVEY\100_0005\100_0005_0363.JPG,44,4366,0.010078,0.000000,0.005039,是
E:\SURVEY\100_0005\100_0005_0364.JPG,45,4366,0.010307,0.000000,0.005153,是
E:\SURVEY\100_0005\100_0005_0365.JPG,43,4366,0.009849,0.000000,0.004924,否
E:\SURVEY\100_0005\100_0005_0366.JPG,44,4366,0.010078,0.000000,0.005039,是
E:\SURVEY\100_0005\100_0005_0367.JPG,45,4366,0.010307,0.000000,0.005153,是
E:\SURVEY\100_0005\100_0005_0368.JPG,46,4366,0.010536,0.000687,0.005612,是
E:\SURVEY\100_0005\100_0005_0369.JPG,44,4366,0.010078,0.000000,0.005039,是
E:\SURVEY\100_0005\100_0005_0370.JPG,44,4366,0.010078,0.000000,0.005039,是
E:\SURVEY\100_0005\100_0005_0371.JPG,42,4366,0.009620,0.000000,0.004810,否
E:\SURVEY\100_0006\100_0006_0001.JPG,44,4366,0.010078,0.000000,0.005039,是
E:\SURVEY\100_0006\100_0006_0002.JPG,43,4366,0.009849,0.000000,0.004924,否
E:\SURVEY\100_0006\100_0006_0003.JPG,44,4366,0.010078,0.000000,0.005039,是
E:\SURVEY\100_0006\100_0006_0004.JPG,45,4366,0.010307,0.000229,0.005268,是
E:\SURVEY\100_0006\100_0006_0005.JPG,44,4366,0.010078,0.000000,0.005039,是
E:\SURVEY\100_0006\100_0006_0006.JPG,45,4366,0.010307,0.000229,0.005268,是
E:\SURVEY\100_0006\100_0006_0007.JPG,44,4366,0.010078,0.000000,0.005039,是
E:\SURVEY\100_0006\100_0006_0008.JPG,44,4366,0.010078,0.000000,0.005039,是
E:\SURVEY\100_0006\100_0006_0009.JPG,43,4366,0.009849,0.000000,0.004924,否
E:\SURVEY\100_0006\100_0006_0010.JPG,42,4366,0.009620,0.000229,0.004924,是
E:\SURVEY\100_0006\100_0006_0011.JPG,43,4366,0.009849,0.000000,0.004924,否
E:\SURVEY\100_0006\100_0006_0012.JPG,42,4366,0.009620,0.000000,0.004810,否
E:\SURVEY\100_0006\100_0006_0013.JPG,45,4366,0.010307,0.000000,0.005153,是
E:\SURVEY\100_0006\100_0006_0014.JPG,46,4366,0.010536,0.000229,0.005383,是
E:\SURVEY\100_0006\100_0006_0015.JPG,42,4366,0.009620,0.000000,0.004810,否
E:\SURVEY\100_0006\100_0006_0016.JPG,43,4366,0.009849,0.000000,0.004924,否
E:\SURVEY\100_0006\100_0006_0017.JPG,44,4366,0.010078,0.000000,0.005039,是
E:\SURVEY\100_0006\100_0006_0018.JPG,47,4366,0.010765,0.010765,0.010765,是
E:\SURVEY\100_0006\100_0006_0019.JPG,43,4366,0.009849,0.000000,0.004924,否
E:\SURVEY\100_0006\100_0006_0020.JPG,43,4366,0.009849,0.000000,0.004924,否
E:\SURVEY\100_0006\100_0006_0021.JPG,44,4366,0.010078,0.000000,0.005039,是
E:\SURVEY\100_0006\100_0006_0022.JPG,45,4366,0.010307,0.000000,0.005153,是
E:\SURVEY\100_0006\100_0006_0023.JPG,44,4366,0.010078,0.000000,0.005039,是
E:\SURVEY\100_0006\100_0006_0024.JPG,43,4366,0.009849,0.000000,0.004924,否
E:\SURVEY\100_0006\100_0006_0025.JPG,45,4366,0.010307,0.000000,0.005153,是
E:\SURVEY\100_0006\100_0006_0026.JPG,44,4366,0.010078,0.000000,0.005039,是
E:\SURVEY\100_0006\100_0006_0027.JPG,45,4366,0.010307,0.000229,0.005268,是
E:\SURVEY\100_0006\100_0006_0028.JPG,43,4366,0.009849,0.000000,0.004924,否
E:\SURVEY\100_0006\100_0006_0029.JPG,43,4366,0.009849,0.000000,0.004924,否
E:\SURVEY\100_0006\100_0006_0030.JPG,44,4366,0.010078,0.000916,0.005497,是
E:\SURVEY\100_0006\100_0006_0031.JPG,43,4366,0.009849,0.000000,0.004924,否
E:\SURVEY\100_0006\100_0006_0032.JPG,46,4366,0.010536,0.000458,0.005497,是
E:\SURVEY\100_0006\100_0006_0033.JPG,41,4366,0.009391,0.000000,0.004695,否
E:\SURVEY\100_0006\100_0006_0034.JPG,44,4366,0.010078,0.000000,0.005039,是
E:\SURVEY\100_0006\100_0006_0035.JPG,44,4366,0.010078,0.000000,0.005039,是
E:\SURVEY\100_0006\100_0006_0036.JPG,46,4366,0.010536,0.000000,0.005268,是
E:\SURVEY\100_0006\100_0006_0037.JPG,42,4366,0.009620,0.000000,0.004810,否
E:\SURVEY\100_0006\100_0006_0038.JPG,44,4366,0.010078,0.000000,0.005039,是
E:\SURVEY\100_0006\100_0006_0039.JPG,44,4366,0.010078,0.000000,0.005039,是
E:\SURVEY\100_0006\100_0006_0040.JPG,45,4366,0.010307,0.000000,0.005153,是
E:\SURVEY\100_0006\100_0006_0041.JPG,42,4366,0.009620,0.000000,0.004810,否
E:\SURVEY\100_0006\100_0006_0042.JPG,43,4366,0.009849,0.000000,0.004924,否
E:\SURVEY\100_0006\100_0006_0043.JPG,46,4366,0.010536,0.003436,0.006986,是
E:\SURVEY\100_0006\100_0006_0044.JPG,45,4366,0.010307,0.000458,0.005383,是
E:\SURVEY\100_0006\100_0006_0045.JPG,42,4366,0.009620,0.000687,0.005153,是
E:\SURVEY\100_0006\100_0006_0046.JPG,45,4366,0.010307,0.000000,0.005153,是
E:\SURVEY\100_0006\100_0006_0047.JPG,43,4366,0.009849,0.000000,0.004924,否
E:\SURVEY\100_0006\100_0006_0048.JPG,44,4366,0.010078,0.000000,0.005039,是
E:\SURVEY\100_0006\100_0006_0049.JPG,45,4366,0.010307,0.000000,0.005153,是
E:\SURVEY\100_0006\100_0006_0050.JPG,43,4366,0.009849,0.000000,0.004924,否
E:\SURVEY\100_0006\100_0006_0051.JPG,43,4366,0.009849,0.000000,0.004924,否
E:\SURVEY\100_0006\100_0006_0052.JPG,45,4366,0.010307,0.000000,0.005153,是
E:\SURVEY\100_0006\100_0006_0053.JPG,45,4366,0.010307,0.000000,0.005153,是
E:\SURVEY\100_0006\100_0006_0054.JPG,44,4366,0.010078,0.000000,0.005039,是
E:\SURVEY\100_0006\100_0006_0055.JPG,44,4366,0.010078,0.000000,0.005039,是
E:\SURVEY\100_0006\100_0006_0056.JPG,44,4366,0.010078,0.000000,0.005039,是
E:\SURVEY\100_0006\100_0006_0057.JPG,43,4366,0.009849,0.000000,0.004924,否
E:\SURVEY\100_0006\100_0006_0058.JPG,43,4366,0.009849,0.000000,0.004924,否
E:\SURVEY\100_0006\100_0006_0059.JPG,44,4366,0.010078,0.000000,0.005039,是
E:\SURVEY\100_0006\100_0006_0060.JPG,44,4366,0.010078,0.000000,0.005039,是
E:\SURVEY\100_0006\100_0006_0061.JPG,44,4366,0.010078,0.000000,0.005039,是
E:\SURVEY\100_0006\100_0006_0062.JPG,44,4366,0.010078,0.000000,0.005039,是
E:\SURVEY\100_0006\100_0006_0063.JPG,45,4366,0.010307,0.000000,0.005153,是
E:\SURVEY\100_0006\100_0006_0064.JPG,43,4366,0.009849,0.000000,0.004924,否
E:\SURVEY\100_0006\100_0006_0065.JPG,43,4366,0.009849,0.000000,0.004924,否
E:\SURVEY\100_0006\100_0006_0066.JPG,44,4366,0.010078,0.000000,0.005039,是
E:\SURVEY\100_0006\100_0006_0067.JPG,45,4366,0.010307,0.000000,0.005153,是
E:\SURVEY\100_0006\100_0006_0068.JPG,44,4366,0.010078,0.000000,0.005039,是
E:\SURVEY\100_0006\100_0006_0069.JPG,43,4366,0.009849,0.000000,0.004924,否
E:\SURVEY\100_0006\100_0006_0070.JPG,45,4366,0.010307,0.000000,0.005153,是
E:\SURVEY\100_0006\100_0006_0071.JPG,45,4366,0.010307,0.000000,0.005153,是
E:\SURVEY\100_0006\100_0006_0072.JPG,44,4366,0.010078,0.000000,0.005039,是
E:\SURVEY\100_0006\100_0006_0073.JPG,43,4366,0.009849,0.000000,0.004924,否
E:\SURVEY\100_0006\100_0006_0074.JPG,44,4366,0.010078,0.000000,0.005039,是
E:\SURVEY\100_0006\100_0006_0075.JPG,45,4366,0.010307,0.000000,0.005153,是
E:\SURVEY\100_0006\100_0006_0076.JPG,43,4366,0.009849,0.000000,0.004924,否
E:\SURVEY\100_0006\100_0006_0077.JPG,43,4366,0.009849,0.000000,0.004924,否
E:\SURVEY\100_0006\100_0006_0078.JPG,45,4366,0.010307,0.000000,0.005153,是
E:\SURVEY\100_0006\100_0006_0079.JPG,45,4366,0.010307,0.000000,0.005153,是
E:\SURVEY\100_0006\100_0006_0080.JPG,44,4366,0.010078,0.000000,0.005039,是
E:\SURVEY\100_0006\100_0006_0081.JPG,43,4366,0.009849,0.000000,0.004924,否
E:\SURVEY\100_0006\100_0006_0082.JPG,44,4366,0.010078,0.000000,0.005039,是
E:\SURVEY\100_0006\100_0006_0083.JPG,44,4366,0.010078,0.000000,0.005039,是
E:\SURVEY\100_0006\100_0006_0084.JPG,44,4366,0.010078,0.000000,0.005039,是
E:\SURVEY\100_0006\100_0006_0085.JPG,45,4366,0.010307,0.000000,0.005153,是
E:\SURVEY\100_0006\100_0006_0086.JPG,43,4366,0.009849,0.000000,0.004924,否
E:\SURVEY\100_0006\100_0006_0087.JPG,44,4366,0.010078,0.000000,0.005039,是
E:\SURVEY\100_0006\100_0006_0088.JPG,45,4366,0.010307,0.000000,0.005153,是
E:\SURVEY\100_0006\100_0006_0089.JPG,45,4366,0.010307,0.000000,0.005153,是
E:\SURVEY\100_0006\100_0006_0090.JPG,44,4366,0.010078,0.000000,0.005039,是
E:\SURVEY\100_0006\100_0006_0091.JPG,42,4366,0.009620,0.000000,0.004810,否
E:\SURVEY\100_0006\100_0006_0092.JPG,44,4366,0.010078,0.000000,0.005039,是
E:\SURVEY\100_0006\100_0006_0093.JPG,45,4366,0.010307,0.000000,0.005153,是
E:\SURVEY\100_0006\100_0006_0094.JPG,44,4366,0.010078,0.000000,0.005039,是
E:\SURVEY\100_0006\100_0006_0095.JPG,45,4366,0.010307,0.000000,0.005153,是
E:\SURVEY\100_0006\100_0006_0096.JPG,44,4366,0.010078,0.000000,0.005039,是
E:\SURVEY\100_0006\100_0006_0097.JPG,44,4366,0.010078,0.000000,0.005039,是
E:\SURVEY\100_0006\100_0006_0098.JPG,47,4366,0.010765,0.004123,0.007444,是
E:\SURVEY\100_0006\100_0006_0099.JPG,44,4366,0.010078,0.000000,0.005039,是
E:\SURVEY\100_0006\100_0006_0100.JPG,44,4366,0.010078,0.000000,0.005039,是
E:\SURVEY\100_0006\100_0006_0101.JPG,44,4366,0.010078,0.000000,0.005039,是
E:\SURVEY\100_0006\100_0006_0102.JPG,44,4366,0.010078,0.000000,0.005039,是
E:\SURVEY\100_0006\100_0006_0103.JPG,45,4366,0.010307,0.000000,0.005153,是
E:\SURVEY\100_0006\100_0006_0104.JPG,43,4366,0.009849,0.000000,0.004924,否
E:\SURVEY\100_0006\100_0006_0105.JPG,45,4366,0.010307,0.000000,0.005153,是
E:\SURVEY\100_0006\100_0006_0106.JPG,46,4366,0.010536,0.002749,0.006642,是
E:\SURVEY\100_0006\100_0006_0107.JPG,44,4366,0.010078,0.000000,0.005039,是
E:\SURVEY\100_0006\100_0006_0108.JPG,45,4366,0.010307,0.001145,0.005726,是
E:\SURVEY\100_0006\100_0006_0109.JPG,46,4366,0.010536,0.000000,0.005268,是
E:\SURVEY\100_0006\100_0006_0110.JPG,44,4366,0.010078,0.000000,0.005039,是
E:\SURVEY\100_0006\100_0006_0111.JPG,44,4366,0.010078,0.000000,0.005039,是
E:\SURVEY\100_0006\100_0006_0112.JPG,45,4366,0.010307,0.000000,0.005153,是
E:\SURVEY\100_0006\100_0006_0113.JPG,43,4366,0.009849,0.000000,0.004924,否
E:\SURVEY\100_0006\100_0006_0114.JPG,45,4366,0.010307,0.000000,0.005153,是
E:\SURVEY\100_0006\100_0006_0115.JPG,43,4366,0.009849,0.000000,0.004924,否
E:\SURVEY\100_0006\100_0006_0116.JPG,45,4366,0.010307,0.000000,0.005153,是
E:\SURVEY\100_0006\100_0006_0117.JPG,42,4366,0.009620,0.000000,0.004810,否
E:\SURVEY\100_0006\100_0006_0118.JPG,44,4366,0.010078,0.000000,0.005039,是
E:\SURVEY\100_0006\100_0006_0119.JPG,44,4366,0.010078,0.000000,0.005039,是
E:\SURVEY\100_0006\100_0006_0120.JPG,45,4366,0.010307,0.000000,0.005153,是
E:\SURVEY\100_0006\100_0006_0121.JPG,44,4366,0.010078,0.000000,0.005039,是
E:\SURVEY\100_0006\100_0006_0122.JPG,44,4366,0.010078,0.000000,0.005039,是
E:\SURVEY\100_0006\100_0006_0123.JPG,43,4366,0.009849,0.000000,0.004924,否
E:\SURVEY\100_0006\100_0006_0124.JPG,45,4366,0.010307,0.000000,0.005153,是
E:\SURVEY\100_0006\100_0006_0125.JPG,43,4366,0.009849,0.000000,0.004924,否
E:\SURVEY\100_0006\100_0006_0126.JPG,43,4366,0.009849,0.000000,0.004924,否
E:\SURVEY\100_0006\100_0006_0127.JPG,44,4366,0.010078,0.000000,0.005039,是
E:\SURVEY\100_0006\100_0006_0128.JPG,45,4366,0.010307,0.000000,0.005153,是
E:\SURVEY\100_0006\100_0006_0129.JPG,44,4366,0.010078,0.000000,0.005039,是
E:\SURVEY\100_0006\100_0006_0130.JPG,43,4366,0.009849,0.000000,0.004924,否
E:\SURVEY\100_0006\100_0006_0131.JPG,43,4366,0.009849,0.000000,0.004924,否
E:\SURVEY\100_0006\100_0006_0132.JPG,45,4366,0.010307,0.000000,0.005153,是
E:\SURVEY\100_0006\100_0006_0133.JPG,44,4366,0.010078,0.000000,0.005039,是
E:\SURVEY\100_0006\100_0006_0134.JPG,43,4366,0.009849,0.000000,0.004924,否
E:\SURVEY\100_0006\100_0006_0135.JPG,44,4366,0.010078,0.000000,0.005039,是
E:\SURVEY\100_0006\100_0006_0136.JPG,45,4366,0.010307,0.000000,0.005153,是
E:\SURVEY\100_0006\100_0006_0137.JPG,45,4366,0.010307,0.000000,0.005153,是
E:\SURVEY\100_0006\100_0006_0138.JPG,44,4366,0.010078,0.000000,0.005039,是
E:\SURVEY\100_0006\100_0006_0139.JPG,43,4366,0.009849,0.000000,0.004924,否
E:\SURVEY\100_0006\100_0006_0140.JPG,44,4366,0.010078,0.000000,0.005039,是
E:\SURVEY\100_0006\100_0006_0141.JPG,45,4366,0.010307,0.000000,0.005153,是
E:\SURVEY\100_0006\100_0006_0142.JPG,44,4366,0.010078,0.000000,0.005039,是
E:\SURVEY\100_0006\100_0006_0143.JPG,43,4366,0.009849,0.000000,0.004924,否
E:\SURVEY\100_0006\100_0006_0144.JPG,43,4366,0.009849,0.000000,0.004924,否
E:\SURVEY\100_0006\100_0006_0145.JPG,46,4366,0.010536,0.000000,0.005268,是
E:\SURVEY\100_0006\100_0006_0146.JPG,45,4366,0.010307,0.000000,0.005153,是
E:\SURVEY\100_0006\100_0006_0147.JPG,43,4366,0.009849,0.000000,0.004924,否
E:\SURVEY\100_0006\100_0006_0148.JPG,42,4366,0.009620,0.000000,0.004810,否
E:\SURVEY\100_0006\100_0006_0149.JPG,44,4366,0.010078,0.000000,0.005039,是
E:\SURVEY\100_0006\100_0006_0150.JPG,45,4366,0.010307,0.000000,0.005153,是
E:\SURVEY\100_0006\100_0006_0151.JPG,43,4366,0.009849,0.000000,0.004924,否
E:\SURVEY\100_0006\100_0006_0152.JPG,43,4366,0.009849,0.000000,0.004924,否
E:\SURVEY\100_0006\100_0006_0153.JPG,45,4366,0.010307,0.000000,0.005153,是
E:\SURVEY\100_0006\100_0006_0154.JPG,45,4366,0.010307,0.000000,0.005153,是
E:\SURVEY\100_0006\100_0006_0155.JPG,45,4366,0.010307,0.000000,0.005153,是
E:\SURVEY\100_0006\100_0006_0156.JPG,42,4366,0.009620,0.000000,0.004810,否
E:\SURVEY\100_0006\100_0006_0157.JPG,43,4366,0.009849,0.000000,0.004924,否
E:\SURVEY\100_0006\100_0006_0158.JPG,46,4366,0.010536,0.000458,0.005497,是
E:\SURVEY\100_0006\100_0006_0159.JPG,44,4366,0.010078,0.000000,0.005039,是
E:\SURVEY\100_0006\100_0006_0160.JPG,43,4366,0.009849,0.000000,0.004924,否
E:\SURVEY\100_0006\100_0006_0161.JPG,44,4366,0.010078,0.000000,0.005039,是
E:\SURVEY\100_0006\100_0006_0162.JPG,46,4366,0.010536,0.000000,0.005268,是
E:\SURVEY\100_0006\100_0006_0163.JPG,45,4366,0.010307,0.000000,0.005153,是
E:\SURVEY\100_0006\100_0006_0164.JPG,44,4366,0.010078,0.000000,0.005039,是
E:\SURVEY\100_0006\100_0006_0165.JPG,42,4366,0.009620,0.000000,0.004810,否
E:\SURVEY\100_0006\100_0006_0166.JPG,45,4366,0.010307,0.000000,0.005153,是
E:\SURVEY\100_0006\100_0006_0167.JPG,44,4366,0.010078,0.000000,0.005039,是
E:\SURVEY\100_0006\100_0006_0168.JPG,44,4366,0.010078,0.000000,0.005039,是
E:\SURVEY\100_0006\100_0006_0169.JPG,43,4366,0.009849,0.000000,0.004924,否
E:\SURVEY\100_0006\100_0006_0170.JPG,45,4366,0.010307,0.001145,0.005726,是
E:\SURVEY\100_0006\100_0006_0171.JPG,45,4366,0.010307,0.001145,0.005726,是
E:\SURVEY\100_0006\100_0006_0172.JPG,46,4366,0.010536,0.000000,0.005268,是
E:\SURVEY\100_0006\100_0006_0173.JPG,44,4366,0.010078,0.000000,0.005039,是
E:\SURVEY\100_0006\100_0006_0174.JPG,42,4366,0.009620,0.000000,0.004810,否
E:\SURVEY\100_0006\100_0006_0175.JPG,44,4366,0.010078,0.000000,0.005039,是
E:\SURVEY\100_0006\100_0006_0176.JPG,44,4366,0.010078,0.000000,0.005039,是
E:\SURVEY\100_0006\100_0006_0177.JPG,45,4366,0.010307,0.000000,0.005153,是
E:\SURVEY\100_0006\100_0006_0178.JPG,43,4366,0.009849,0.000000,0.004924,否
E:\SURVEY\100_0006\100_0006_0179.JPG,43,4366,0.009849,0.000000,0.004924,否
E:\SURVEY\100_0006\100_0006_0180.JPG,44,4366,0.010078,0.000000,0.005039,是
E:\SURVEY\100_0006\100_0006_0181.JPG,44,4366,0.010078,0.000000,0.005039,是
E:\SURVEY\100_0006\100_0006_0182.JPG,44,4366,0.010078,0.000000,0.005039,是
E:\SURVEY\100_0006\100_0006_0183.JPG,45,4366,0.010307,0.000000,0.005153,是
E:\SURVEY\100_0006\100_0006_0184.JPG,44,4366,0.010078,0.000000,0.005039,是
E:\SURVEY\100_0006\100_0006_0185.JPG,45,4366,0.010307,0.000000,0.005153,是
E:\SURVEY\100_0006\100_0006_0186.JPG,42,4366,0.009620,0.000000,0.004810,否
E:\SURVEY\100_0006\100_0006_0187.JPG,43,4366,0.009849,0.000000,0.004924,否
E:\SURVEY\100_0006\100_0006_0188.JPG,44,4366,0.010078,0.000000,0.005039,是
E:\SURVEY\100_0006\100_0006_0189.JPG,45,4366,0.010307,0.000000,0.005153,是
E:\SURVEY\100_0006\100_0006_0190.JPG,43,4366,0.009849,0.000000,0.004924,否
E:\SURVEY\100_0006\100_0006_0191.JPG,44,4366,0.010078,0.000000,0.005039,是
E:\SURVEY\100_0006\100_0006_0192.JPG,45,4366,0.010307,0.000000,0.005153,是
E:\SURVEY\100_0006\100_0006_0193.JPG,46,4366,0.010536,0.000000,0.005268,是
E:\SURVEY\100_0006\100_0006_0194.JPG,43,4366,0.009849,0.000000,0.004924,否
E:\SURVEY\100_0006\100_0006_0195.JPG,43,4366,0.009849,0.000000,0.004924,否
E:\SURVEY\100_0006\100_0006_0196.JPG,45,4366,0.010307,0.000000,0.005153,是
E:\SURVEY\100_0006\100_0006_0197.JPG,45,4366,0.010307,0.000000,0.005153,是
E:\SURVEY\100_0006\100_0006_0198.JPG,43,4366,0.009849,0.000000,0.004924,否
E:\SURVEY\100_0006\100_0006_0199.JPG,43,4366,0.009849,0.000000,0.004924,否
E:\SURVEY\100_0006\100_0006_0200.JPG,45,4366,0.010307,0.000000,0.005153,是
E:\SURVEY\100_0006\100_0006_0201.JPG,45,4366,0.010307,0.000000,0.005153,是
E:\SURVEY\100_0006\100_0006_0202.JPG,43,4366,0.009849,0.000000,0.004924,否
E:\SURVEY\100_0006\100_0006_0203.JPG,44,4366,0.010078,0.000000,0.005039,是
E:\SURVEY\100_0006\100_0006_0204.JPG,44,4366,0.010078,0.000000,0.005039,是
E:\SURVEY\100_0006\100_0006_0205.JPG,44,4366,0.010078,0.000000,0.005039,是
E:\SURVEY\100_0006\100_0006_0206.JPG,44,4366,0.010078,0.000000,0.005039,是
E:\SURVEY\100_0006\100_0006_0207.JPG,44,4366,0.010078,0.000000,0.005039,是
E:\SURVEY\100_0006\100_0006_0208.JPG,44,4366,0.010078,0.000000,0.005039,是
E:\SURVEY\100_0006\100_0006_0209.JPG,44,4366,0.010078,0.000000,0.005039,是
E:\SURVEY\100_0006\100_0006_0210.JPG,44,4366,0.010078,0.000000,0.005039,是
E:\SURVEY\100_0006\100_0006_0211.JPG,45,4366,0.010307,0.000000,0.005153,是
E:\SURVEY\100_0006\100_0006_0212.JPG,43,4366,0.009849,0.000000,0.004924,否
E:\SURVEY\100_0006\100_0006_0213.JPG,43,4366,0.009849,0.000000,0.004924,否
E:\SURVEY\100_0006\100_0006_0214.JPG,45,4366,0.010307,0.000000,0.005153,是
E:\SURVEY\100_0006\100_0006_0215.JPG,45,4366,0.010307,0.000000,0.005153,是
E:\SURVEY\100_0006\100_0006_0216.JPG,44,4366,0.010078,0.000000,0.005039,是
E:\SURVEY\100_0006\100_0006_0217.JPG,43,4366,0.009849,0.000000,0.004924,否
E:\SURVEY\100_0006\100_0006_0218.JPG,45,4366,0.010307,0.000000,0.005153,是
E:\SURVEY\100_0006\100_0006_0219.JPG,46,4366,0.010536,0.000000,0.005268,是
E:\SURVEY\100_0006\100_0006_0220.JPG,43,4366,0.009849,0.000000,0.004924,否
E:\SURVEY\100_0006\100_0006_0221.JPG,42,4366,0.009620,0.000000,0.004810,否
E:\SURVEY\100_0006\100_0006_0222.JPG,44,4366,0.010078,0.000000,0.005039,是
E:\SURVEY\100_0006\100_0006_0223.JPG,45,4366,0.010307,0.000000,0.005153,是
E:\SURVEY\100_0006\100_0006_0224.JPG,44,4366,0.010078,0.000000,0.005039,是
E:\SURVEY\100_0006\100_0006_0225.JPG,43,4366,0.009849,0.000000,0.004924,否
E:\SURVEY\100_0006\100_0006_0226.JPG,44,4366,0.010078,0.000000,0.005039,是
E:\SURVEY\100_0006\100_0006_0227.JPG,46,4366,0.010536,0.000000,0.005268,是
E:\SURVEY\100_0006\100_0006_0228.JPG,43,4366,0.009849,0.000000,0.004924,否
E:\SURVEY\100_0006\100_0006_0229.JPG,43,4366,0.009849,0.000000,0.004924,否
E:\SURVEY\100_0006\100_0006_0230.JPG,42,4366,0.009620,0.000000,0.004810,否
E:\SURVEY\100_0006\100_0006_0231.JPG,45,4366,0.010307,0.000000,0.005153,是
E:\SURVEY\100_0006\100_0006_0232.JPG,44,4366,0.010078,0.000000,0.005039,是
E:\SURVEY\100_0006\100_0006_0233.JPG,43,4366,0.009849,0.000000,0.004924,否
E:\SURVEY\100_0006\100_0006_0234.JPG,45,4366,0.010307,0.000000,0.005153,是
E:\SURVEY\100_0006\100_0006_0235.JPG,44,4366,0.010078,0.000000,0.005039,是
E:\SURVEY\100_0006\100_0006_0236.JPG,43,4366,0.009849,0.000000,0.004924,否
E:\SURVEY\100_0006\100_0006_0237.JPG,44,4366,0.010078,0.000458,0.005268,是
E:\SURVEY\100_0006\100_0006_0238.JPG,43,4366,0.009849,0.000000,0.004924,否
E:\SURVEY\100_0006\100_0006_0239.JPG,44,4366,0.010078,0.002061,0.006070,是
E:\SURVEY\100_0006\100_0006_0240.JPG,44,4366,0.010078,0.000000,0.005039,是
E:\SURVEY\100_0006\100_0006_0241.JPG,44,4366,0.010078,0.000000,0.005039,是
E:\SURVEY\100_0006\100_0006_0242.JPG,44,4366,0.010078,0.000000,0.005039,是
E:\SURVEY\100_0006\100_0006_0243.JPG,45,4366,0.010307,0.000000,0.005153,是
E:\SURVEY\100_0006\100_0006_0244.JPG,43,4366,0.009849,0.000000,0.004924,否
E:\SURVEY\100_0006\100_0006_0245.JPG,44,4366,0.010078,0.000000,0.005039,是
E:\SURVEY\100_0006\100_0006_0246.JPG,44,4366,0.010078,0.000000,0.005039,是
E:\SURVEY\100_0006\100_0006_0247.JPG,45,4366,0.010307,0.000000,0.005153,是
E:\SURVEY\100_0006\100_0006_0248.JPG,46,4366,0.010536,0.000000,0.005268,是
E:\SURVEY\100_0006\100_0006_0249.JPG,45,4366,0.010307,0.000000,0.005153,是
E:\SURVEY\100_0006\100_0006_0250.JPG,42,4366,0.009620,0.000000,0.004810,否
E:\SURVEY\100_0006\100_0006_0251.JPG,43,4366,0.009849,0.000000,0.004924,否
E:\SURVEY\100_0006\100_0006_0252.JPG,45,4366,0.010307,0.000000,0.005153,是
E:\SURVEY\100_0006\100_0006_0253.JPG,45,4366,0.010307,0.000000,0.005153,是
E:\SURVEY\100_0006\100_0006_0254.JPG,42,4366,0.009620,0.000000,0.004810,否
E:\SURVEY\100_0006\100_0006_0255.JPG,44,4366,0.010078,0.000000,0.005039,是
E:\SURVEY\100_0006\100_0006_0256.JPG,46,4366,0.010536,0.000000,0.005268,是
E:\SURVEY\100_0006\100_0006_0257.JPG,44,4366,0.010078,0.000000,0.005039,是
E:\SURVEY\100_0006\100_0006_0258.JPG,43,4366,0.009849,0.000000,0.004924,否
E:\SURVEY\100_0006\100_0006_0259.JPG,43,4366,0.009849,0.000000,0.004924,否
E:\SURVEY\100_0006\100_0006_0260.JPG,45,4366,0.010307,0.000000,0.005153,是
E:\SURVEY\100_0006\100_0006_0261.JPG,45,4366,0.010307,0.000000,0.005153,是
E:\SURVEY\100_0006\100_0006_0262.JPG,44,4366,0.010078,0.000000,0.005039,是
E:\SURVEY\100_0006\100_0006_0263.JPG,44,4366,0.010078,0.000000,0.005039,是
E:\SURVEY\100_0006\100_0006_0264.JPG,44,4366,0.010078,0.000000,0.005039,是
E:\SURVEY\100_0006\100_0006_0265.JPG,44,4366,0.010078,0.000000,0.005039,是
E:\SURVEY\100_0006\100_0006_0266.JPG,45,4366,0.010307,0.000000,0.005153,是
E:\SURVEY\100_0006\100_0006_0267.JPG,43,4366,0.009849,0.000000,0.004924,否
E:\SURVEY\100_0006\100_0006_0268.JPG,45,4366,0.010307,0.000000,0.005153,是
E:\SURVEY\100_0006\100_0006_0269.JPG,45,4366,0.010307,0.000000,0.005153,是
E:\SURVEY\100_0006\100_0006_0270.JPG,45,4366,0.010307,0.000000,0.005153,是
E:\SURVEY\100_0006\100_0006_0271.JPG,44,4366,0.010078,0.000000,0.005039,是
E:\SURVEY\100_0006\100_0006_0272.JPG,44,4366,0.010078,0.000000,0.005039,是
E:\SURVEY\100_0006\100_0006_0273.JPG,43,4366,0.009849,0.000000,0.004924,否
E:\SURVEY\100_0006\100_0006_0274.JPG,45,4366,0.010307,0.000000,0.005153,是
E:\SURVEY\100_0006\100_0006_0275.JPG,43,4366,0.009849,0.000000,0.004924,否
E:\SURVEY\100_0006\100_0006_0276.JPG,44,4366,0.010078,0.000000,0.005039,是
E:\SURVEY\100_0006\100_0006_0277.JPG,44,4366,0.010078,0.000000,0.005039,是
E:\SURVEY\100_0006\100_0006_0278.JPG,45,4366,0.010307,0.000000,0.005153,是
E:\SURVEY\100_0006\100_0006_0279.JPG,44,4366,0.010078,0.000000,0.005039,是
E:\SURVEY\100_0006\100_0006_0280.JPG,42,4366,0.009620,0.000000,0.004810,否
E:\SURVEY\100_0006\100_0006_0281.JPG,43,4366,0.009849,0.000000,0.004924,否
E:\SURVEY\100_0006\100_0006_0282.JPG,45,4366,0.010307,0.000000,0.005153,是
E:\SURVEY\100_0006\100_0006_0283.JPG,44,4366,0.010078,0.000000,0.005039,是
E:\SURVEY\100_0006\100_0006_0284.JPG,44,4366,0.010078,0.000000,0.005039,是
E:\SURVEY\100_0006\100_0006_0285.JPG,43,4366,0.009849,0.000000,0.004924,否
E:\SURVEY\100_0006\100_0006_0286.JPG,46,4366,0.010536,0.000687,0.005612,是
E:\SURVEY\100_0006\100_0006_0287.JPG,45,4366,0.010307,0.000000,0.005153,是
E:\SURVEY\100_0006\100_0006_0288.JPG,43,4366,0.009849,0.000000,0.004924,否
E:\SURVEY\100_0006\100_0006_0289.JPG,43,4366,0.009849,0.000000,0.004924,否
E:\SURVEY\100_0006\100_0006_0290.JPG,44,4366,0.010078,0.000000,0.005039,是
E:\SURVEY\100_0006\100_0006_0291.JPG,45,4366,0.010307,0.000000,0.005153,是
E:\SURVEY\100_0006\100_0006_0292.JPG,43,4366,0.009849,0.000000,0.004924,否
E:\SURVEY\100_0006\100_0006_0293.JPG,43,4366,0.009849,0.000000,0.004924,否
E:\SURVEY\100_0006\100_0006_0294.JPG,45,4366,0.010307,0.000000,0.005153,是
E:\SURVEY\100_0006\100_0006_0295.JPG,46,4366,0.010536,0.000000,0.005268,是
E:\SURVEY\100_0006\100_0006_0296.JPG,43,4366,0.009849,0.000000,0.004924,否
E:\SURVEY\100_0006\100_0006_0297.JPG,44,4366,0.010078,0.000000,0.005039,是
E:\SURVEY\100_0006\100_0006_0298.JPG,43,4366,0.009849,0.000000,0.004924,否
E:\SURVEY\100_0006\100_0006_0299.JPG,44,4366,0.010078,0.000000,0.005039,是
E:\SURVEY\100_0006\100_0006_0300.JPG,45,4366,0.010307,0.000000,0.005153,是
E:\SURVEY\100_0006\100_0006_0301.JPG,44,4366,0.010078,0.000000,0.005039,是
E:\SURVEY\100_0006\100_0006_0302.JPG,43,4366,0.009849,0.000000,0.004924,否
E:\SURVEY\100_0006\100_0006_0303.JPG,45,4366,0.010307,0.000000,0.005153,是
E:\SURVEY\100_0006\100_0006_0304.JPG,44,4366,0.010078,0.000000,0.005039,是
E:\SURVEY\100_0006\100_0006_0305.JPG,46,4366,0.010536,0.000687,0.005612,是
E:\SURVEY\100_0006\100_0006_0306.JPG,43,4366,0.009849,0.000000,0.004924,否
E:\SURVEY\100_0006\100_0006_0307.JPG,43,4366,0.009849,0.000000,0.004924,否
E:\SURVEY\100_0006\100_0006_0308.JPG,47,4366,0.010765,0.007787,0.009276,是
E:\SURVEY\100_0006\100_0006_0309.JPG,41,4366,0.009391,0.000000,0.004695,否
E:\SURVEY\100_0006\100_0006_0310.JPG,42,4366,0.009620,0.000000,0.004810,否
E:\SURVEY\100_0006\100_0006_0311.JPG,44,4366,0.010078,0.000000,0.005039,是
E:\SURVEY\100_0006\100_0006_0312.JPG,43,4366,0.009849,0.000000,0.004924,否
E:\SURVEY\100_0006\100_0006_0313.JPG,44,4366,0.010078,0.000000,0.005039,是
E:\SURVEY\100_0006\100_0006_0314.JPG,45,4366,0.010307,0.000000,0.005153,是
E:\SURVEY\100_0006\100_0006_0315.JPG,44,4366,0.010078,0.000000,0.005039,是
E:\SURVEY\100_0006\100_0006_0316.JPG,44,4366,0.010078,0.000000,0.005039,是
E:\SURVEY\100_0006\100_0006_0317.JPG,45,4366,0.010307,0.000000,0.005153,是
E:\SURVEY\100_0006\100_0006_0318.JPG,45,4366,0.010307,0.000000,0.005153,是
E:\SURVEY\100_0006\100_0006_0319.JPG,43,4366,0.009849,0.000000,0.004924,否
E:\SURVEY\100_0006\100_0006_0320.JPG,44,4366,0.010078,0.000000,0.005039,是
E:\SURVEY\100_0006\100_0006_0321.JPG,43,4366,0.009849,0.000000,0.004924,否
E:\SURVEY\100_0006\100_0006_0322.JPG,44,4366,0.010078,0.000000,0.005039,是
E:\SURVEY\100_0006\100_0006_0323.JPG,44,4366,0.010078,0.000000,0.005039,是
E:\SURVEY\100_0006\100_0006_0324.JPG,45,4366,0.010307,0.000000,0.005153,是
E:\SURVEY\100_0006\100_0006_0325.JPG,45,4366,0.010307,0.000000,0.005153,是
E:\SURVEY\100_0006\100_0006_0326.JPG,43,4366,0.009849,0.000000,0.004924,否
E:\SURVEY\100_0006\100_0006_0327.JPG,44,4366,0.010078,0.000000,0.005039,是
E:\SURVEY\100_0006\100_0006_0328.JPG,45,4366,0.010307,0.000000,0.005153,是
E:\SURVEY\100_0006\100_0006_0329.JPG,43,4366,0.009849,0.000000,0.004924,否
E:\SURVEY\100_0006\100_0006_0330.JPG,43,4366,0.009849,0.000000,0.004924,否
E:\SURVEY\100_0006\100_0006_0331.JPG,45,4366,0.010307,0.000000,0.005153,是
E:\SURVEY\100_0006\100_0006_0332.JPG,45,4366,0.010307,0.000000,0.005153,是
E:\SURVEY\100_0006\100_0006_0333.JPG,43,4366,0.009849,0.000000,0.004924,否
E:\SURVEY\100_0006\100_0006_0334.JPG,42,4366,0.009620,0.000000,0.004810,否
E:\SURVEY\100_0006\100_0006_0335.JPG,43,4366,0.009849,0.000000,0.004924,否
E:\SURVEY\100_0006\100_0006_0336.JPG,46,4366,0.010536,0.000000,0.005268,是
E:\SURVEY\100_0006\100_0006_0337.JPG,43,4366,0.009849,0.000000,0.004924,否
E:\SURVEY\100_0006\100_0006_0338.JPG,43,4366,0.009849,0.000000,0.004924,否
E:\SURVEY\100_0006\100_0006_0339.JPG,43,4366,0.009849,0.000000,0.004924,否
E:\SURVEY\100_0006\100_0006_0340.JPG,46,4366,0.010536,0.000000,0.005268,是
E:\SURVEY\100_0006\100_0006_0341.JPG,43,4366,0.009849,0.000000,0.004924,否
E:\SURVEY\100_0006\100_0006_0342.JPG,43,4366,0.009849,0.000000,0.004924,否
E:\SURVEY\100_0006\100_0006_0343.JPG,44,4366,0.010078,0.000000,0.005039,是
E:\SURVEY\100_0006\100_0006_0344.JPG,44,4366,0.010078,0.000000,0.005039,是
E:\SURVEY\100_0006\100_0006_0345.JPG,44,4366,0.010078,0.000000,0.005039,是
E:\SURVEY\100_0006\100_0006_0346.JPG,44,4366,0.010078,0.000000,0.005039,是
E:\SURVEY\100_0006\100_0006_0347.JPG,43,4366,0.009849,0.000000,0.004924,否
E:\SURVEY\100_0006\100_0006_0348.JPG,44,4366,0.010078,0.000000,0.005039,是
E:\SURVEY\100_0006\100_0006_0349.JPG,45,4366,0.010307,0.000000,0.005153,是
E:\SURVEY\100_0006\100_0006_0350.JPG,44,4366,0.010078,0.000000,0.005039,是
E:\SURVEY\100_0006\100_0006_0351.JPG,44,4366,0.010078,0.000000,0.005039,是
E:\SURVEY\100_0006\100_0006_0352.JPG,42,4366,0.009620,0.000000,0.004810,否
E:\SURVEY\100_0006\100_0006_0353.JPG,44,4366,0.010078,0.000000,0.005039,是
E:\SURVEY\100_0006\100_0006_0354.JPG,45,4366,0.010307,0.000000,0.005153,是
E:\SURVEY\100_0006\100_0006_0355.JPG,45,4366,0.010307,0.000000,0.005153,是
E:\SURVEY\100_0006\100_0006_0356.JPG,44,4366,0.010078,0.000000,0.005039,是
E:\SURVEY\100_0006\100_0006_0357.JPG,44,4366,0.010078,0.000000,0.005039,是
E:\SURVEY\100_0006\100_0006_0358.JPG,45,4366,0.010307,0.000000,0.005153,是
E:\SURVEY\100_0006\100_0006_0359.JPG,45,4366,0.010307,0.000000,0.005153,是
E:\SURVEY\100_0006\100_0006_0360.JPG,42,4366,0.009620,0.000000,0.004810,否
E:\SURVEY\100_0006\100_0006_0361.JPG,43,4366,0.009849,0.000000,0.004924,否
E:\SURVEY\100_0006\100_0006_0362.JPG,46,4366,0.010536,0.000000,0.005268,是
E:\SURVEY\100_0006\100_0006_0363.JPG,44,4366,0.010078,0.000000,0.005039,是
E:\SURVEY\100_0006\100_0006_0364.JPG,43,4366,0.009849,0.000000,0.004924,否
E:\SURVEY\100_0006\100_0006_0365.JPG,44,4366,0.010078,0.000000,0.005039,是
E:\SURVEY\100_0006\100_0006_0366.JPG,46,4366,0.010536,0.000000,0.005268,是
E:\SURVEY\100_0006\100_0006_0367.JPG,45,4366,0.010307,0.000000,0.005153,是
E:\SURVEY\100_0006\100_0006_0368.JPG,43,4366,0.009849,0.000000,0.004924,否
E:\SURVEY\100_0006\100_0006_0369.JPG,43,4366,0.009849,0.000000,0.004924,否
E:\SURVEY\100_0006\100_0006_0370.JPG,44,4366,0.010078,0.000000,0.005039,是
E:\SURVEY\100_0006\100_0006_0371.JPG,43,4366,0.009849,0.000000,0.004924,否
E:\SURVEY\100_0006\100_0006_0372.JPG,44,4366,0.010078,0.000000,0.005039,是
E:\SURVEY\100_0006\100_0006_0373.JPG,44,4366,0.010078,0.000000,0.005039,是
E:\SURVEY\100_0006\100_0006_0374.JPG,46,4366,0.010536,0.005726,0.008131,是
E:\SURVEY\100_0006\100_0006_0375.JPG,44,4366,0.010078,0.000000,0.005039,是
E:\SURVEY\100_0006\100_0006_0376.JPG,44,4366,0.010078,0.000229,0.005153,是
E:\SURVEY\100_0006\100_0006_0377.JPG,44,4366,0.010078,0.000000,0.005039,是
E:\SURVEY\100_0006\100_0006_0378.JPG,43,4366,0.009849,0.000000,0.004924,否
E:\SURVEY\100_0006\100_0006_0379.JPG,45,4366,0.010307,0.000000,0.005153,是
E:\SURVEY\100_0006\100_0006_0380.JPG,46,4366,0.010536,0.000000,0.005268,是
E:\SURVEY\100_0006\100_0006_0381.JPG,45,4366,0.010307,0.000000,0.005153,是
E:\SURVEY\100_0006\100_0006_0382.JPG,43,4366,0.009849,0.000000,0.004924,否
E:\SURVEY\100_0006\100_0006_0383.JPG,43,4366,0.009849,0.000000,0.004924,否
E:\SURVEY\100_0006\100_0006_0384.JPG,45,4366,0.010307,0.000000,0.005153,是
E:\SURVEY\100_0006\100_0006_0385.JPG,43,4366,0.009849,0.000000,0.004924,否
E:\SURVEY\100_0006\100_0006_0386.JPG,43,4366,0.009849,0.000000,0.004924,否
E:\SURVEY\100_0006\100_0006_0387.JPG,44,4366,0.010078,0.000000,0.005039,是
E:\SURVEY\100_0006\100_0006_0388.JPG,45,4366,0.010307,0.000000,0.005153,是
E:\SURVEY\100_0006\100_0006_0389.JPG,44,4366,0.010078,0.000000,0.005039,是
E:\SURVEY\100_0006\100_0006_0390.JPG,43,4366,0.009849,0.000000,0.004924,否
E:\SURVEY\100_0006\100_0006_0391.JPG,43,4366,0.009849,0.000000,0.004924,否
E:\SURVEY\100_0007\100_0007_0001.JPG,44,4366,0.010078,0.000000,0.005039,是
E:\SURVEY\100_0007\100_0007_0002.JPG,43,4366,0.009849,0.000000,0.004924,否
E:\SURVEY\100_0007\100_0007_0003.JPG,45,4366,0.010307,0.000000,0.005153,是
E:\SURVEY\100_0007\100_0007_0004.JPG,44,4366,0.010078,0.000000,0.005039,是
E:\SURVEY\100_0007\100_0007_0005.JPG,43,4366,0.009849,0.000000,0.004924,否
E:\SURVEY\100_0007\100_0007_0006.JPG,45,4366,0.010307,0.000000,0.005153,是
E:\SURVEY\100_0007\100_0007_0007.JPG,45,4366,0.010307,0.000000,0.005153,是
E:\SURVEY\100_0007\100_0007_0008.JPG,45,4366,0.010307,0.000000,0.005153,是
E:\SURVEY\100_0007\100_0007_0009.JPG,43,4366,0.009849,0.000000,0.004924,否
E:\SURVEY\100_0007\100_0007_0010.JPG,43,4366,0.009849,0.000000,0.004924,否
E:\SURVEY\100_0007\100_0007_0011.JPG,45,4366,0.010307,0.000000,0.005153,是
E:\SURVEY\100_0007\100_0007_0012.JPG,44,4366,0.010078,0.000000,0.005039,是
E:\SURVEY\100_0007\100_0007_0013.JPG,43,4366,0.009849,0.000000,0.004924,否
E:\SURVEY\100_0007\100_0007_0014.JPG,44,4366,0.010078,0.000000,0.005039,是
E:\SURVEY\100_0007\100_0007_0015.JPG,45,4366,0.010307,0.000000,0.005153,是
E:\SURVEY\100_0007\100_0007_0016.JPG,45,4366,0.010307,0.000000,0.005153,是
E:\SURVEY\100_0007\100_0007_0017.JPG,44,4366,0.010078,0.000000,0.005039,是
E:\SURVEY\100_0007\100_0007_0018.JPG,42,4366,0.009620,0.000000,0.004810,否
E:\SURVEY\100_0007\100_0007_0019.JPG,44,4366,0.010078,0.000000,0.005039,是
E:\SURVEY\100_0007\100_0007_0020.JPG,44,4366,0.010078,0.000000,0.005039,是
E:\SURVEY\100_0007\100_0007_0021.JPG,45,4366,0.010307,0.000000,0.005153,是
E:\SURVEY\100_0007\100_0007_0022.JPG,43,4366,0.009849,0.000000,0.004924,否
E:\SURVEY\100_0007\100_0007_0023.JPG,44,4366,0.010078,0.000000,0.005039,是
E:\SURVEY\100_0007\100_0007_0024.JPG,45,4366,0.010307,0.000000,0.005153,是
E:\SURVEY\100_0007\100_0007_0025.JPG,45,4366,0.010307,0.000000,0.005153,是
E:\SURVEY\100_0007\100_0007_0026.JPG,43,4366,0.009849,0.000000,0.004924,否
E:\SURVEY\100_0007\100_0007_0027.JPG,44,4366,0.010078,0.000000,0.005039,是
E:\SURVEY\100_0007\100_0007_0028.JPG,44,4366,0.010078,0.000000,0.005039,是
E:\SURVEY\100_0007\100_0007_0029.JPG,45,4366,0.010307,0.000000,0.005153,是
E:\SURVEY\100_0007\100_0007_0030.JPG,44,4366,0.010078,0.000000,0.005039,是
E:\SURVEY\100_0007\100_0007_0031.JPG,44,4366,0.010078,0.000000,0.005039,是
E:\SURVEY\100_0007\100_0007_0032.JPG,45,4366,0.010307,0.000000,0.005153,是
E:\SURVEY\100_0007\100_0007_0033.JPG,44,4366,0.010078,0.000000,0.005039,是
E:\SURVEY\100_0007\100_0007_0034.JPG,44,4366,0.010078,0.000000,0.005039,是
E:\SURVEY\100_0007\100_0007_0035.JPG,43,4366,0.009849,0.000000,0.004924,否
E:\SURVEY\100_0007\100_0007_0036.JPG,44,4366,0.010078,0.000000,0.005039,是
E:\SURVEY\100_0007\100_0007_0037.JPG,45,4366,0.010307,0.000000,0.005153,是
E:\SURVEY\100_0007\100_0007_0038.JPG,44,4366,0.010078,0.000000,0.005039,是
E:\SURVEY\100_0007\100_0007_0039.JPG,43,4366,0.009849,0.000000,0.004924,否
E:\SURVEY\100_0007\100_0007_0040.JPG,44,4366,0.010078,0.000000,0.005039,是
E:\SURVEY\100_0007\100_0007_0041.JPG,44,4366,0.010078,0.000000,0.005039,是
E:\SURVEY\100_0007\100_0007_0042.JPG,44,4366,0.010078,0.000000,0.005039,是
E:\SURVEY\100_0007\100_0007_0043.JPG,43,4366,0.009849,0.000000,0.004924,否
E:\SURVEY\100_0007\100_0007_0044.JPG,44,4366,0.010078,0.000000,0.005039,是
E:\SURVEY\100_0007\100_0007_0045.JPG,44,4366,0.010078,0.000000,0.005039,是
E:\SURVEY\100_0007\100_0007_0046.JPG,43,4366,0.009849,0.000000,0.004924,否
E:\SURVEY\100_0007\100_0007_0047.JPG,43,4366,0.009849,0.000000,0.004924,否
E:\SURVEY\100_0007\100_0007_0048.JPG,43,4366,0.009849,0.000000,0.004924,否
E:\SURVEY\100_0007\100_0007_0049.JPG,43,4366,0.009849,0.000000,0.004924,否
E:\SURVEY\100_0007\100_0007_0050.JPG,42,4366,0.009620,0.000000,0.004810,否
E:\SURVEY\100_0007\100_0007_0051.JPG,42,4366,0.009620,0.000000,0.004810,否
E:\SURVEY\100_0007\100_0007_0052.JPG,42,4366,0.009620,0.000000,0.004810,否
E:\SURVEY\100_0007\100_0007_0053.JPG,45,4366,0.010307,0.000229,0.005268,是
E:\SURVEY\100_0007\100_0007_0054.JPG,44,4366,0.010078,0.000458,0.005268,是
E:\SURVEY\100_0007\100_0007_0055.JPG,43,4366,0.009849,0.000000,0.004924,否
E:\SURVEY\100_0007\100_0007_0056.JPG,46,4366,0.010536,0.002978,0.006757,是
E:\SURVEY\100_0007\100_0007_0057.JPG,44,4366,0.010078,0.000458,0.005268,是
E:\SURVEY\100_0007\100_0007_0058.JPG,43,4366,0.009849,0.000000,0.004924,否
E:\SURVEY\100_0007\100_0007_0059.JPG,45,4366,0.010307,0.000000,0.005153,是
E:\SURVEY\100_0007\100_0007_0060.JPG,44,4366,0.010078,0.000000,0.005039,是
E:\SURVEY\100_0007\100_0007_0061.JPG,44,4366,0.010078,0.000000,0.005039,是
E:\SURVEY\100_0007\100_0007_0062.JPG,45,4366,0.010307,0.000000,0.005153,是
E:\SURVEY\100_0007\100_0007_0063.JPG,44,4366,0.010078,0.000000,0.005039,是
E:\SURVEY\100_0007\100_0007_0064.JPG,43,4366,0.009849,0.000000,0.004924,否
E:\SURVEY\100_0007\100_0007_0065.JPG,45,4366,0.010307,0.000000,0.005153,是
E:\SURVEY\100_0007\100_0007_0066.JPG,45,4366,0.010307,0.000000,0.005153,是
E:\SURVEY\100_0007\100_0007_0067.JPG,45,4366,0.010307,0.000000,0.005153,是
E:\SURVEY\100_0007\100_0007_0068.JPG,42,4366,0.009620,0.000000,0.004810,否
E:\SURVEY\100_0007\100_0007_0069.JPG,43,4366,0.009849,0.000000,0.004924,否
E:\SURVEY\100_0007\100_0007_0070.JPG,45,4366,0.010307,0.000000,0.005153,是
E:\SURVEY\100_0007\100_0007_0071.JPG,44,4366,0.010078,0.000000,0.005039,是
E:\SURVEY\100_0007\100_0007_0072.JPG,43,4366,0.009849,0.000000,0.004924,否
E:\SURVEY\100_0007\100_0007_0073.JPG,43,4366,0.009849,0.000000,0.004924,否
E:\SURVEY\100_0007\100_0007_0074.JPG,45,4366,0.010307,0.000000,0.005153,是
E:\SURVEY\100_0007\100_0007_0075.JPG,45,4366,0.010307,0.000000,0.005153,是
E:\SURVEY\100_0007\100_0007_0076.JPG,43,4366,0.009849,0.000000,0.004924,否
E:\SURVEY\100_0007\100_0007_0077.JPG,43,4366,0.009849,0.000000,0.004924,否
E:\SURVEY\100_0007\100_0007_0078.JPG,45,4366,0.010307,0.000000,0.005153,是
E:\SURVEY\100_0007\100_0007_0079.JPG,44,4366,0.010078,0.000000,0.005039,是
E:\SURVEY\100_0007\100_0007_0080.JPG,43,4366,0.009849,0.000000,0.004924,否
E:\SURVEY\100_0007\100_0007_0081.JPG,43,4366,0.009849,0.000000,0.004924,否
E:\SURVEY\100_0007\100_0007_0082.JPG,45,4366,0.010307,0.000000,0.005153,是
E:\SURVEY\100_0007\100_0007_0083.JPG,45,4366,0.010307,0.000000,0.005153,是
E:\SURVEY\100_0007\100_0007_0084.JPG,44,4366,0.010078,0.000000,0.005039,是
E:\SURVEY\100_0007\100_0007_0085.JPG,44,4366,0.010078,0.000000,0.005039,是
E:\SURVEY\100_0007\100_0007_0086.JPG,44,4366,0.010078,0.000000,0.005039,是
E:\SURVEY\100_0007\100_0007_0087.JPG,44,4366,0.010078,0.000000,0.005039,是
E:\SURVEY\100_0007\100_0007_0088.JPG,45,4366,0.010307,0.000000,0.005153,是
E:\SURVEY\100_0007\100_0007_0089.JPG,44,4366,0.010078,0.000000,0.005039,是
E:\SURVEY\100_0007\100_0007_0090.JPG,43,4366,0.009849,0.000000,0.004924,否
E:\SURVEY\100_0007\100_0007_0091.JPG,45,4366,0.010307,0.000000,0.005153,是
E:\SURVEY\100_0007\100_0007_0092.JPG,45,4366,0.010307,0.000000,0.005153,是
E:\SURVEY\100_0007\100_0007_0093.JPG,46,4366,0.010536,0.000229,0.005383,是
E:\SURVEY\100_0007\100_0007_0094.JPG,42,4366,0.009620,0.000000,0.004810,否
E:\SURVEY\100_0007\100_0007_0095.JPG,43,4366,0.009849,0.000000,0.004924,否
E:\SURVEY\100_0007\100_0007_0096.JPG,46,4366,0.010536,0.000000,0.005268,是
E:\SURVEY\100_0007\100_0007_0097.JPG,45,4366,0.010307,0.000000,0.005153,是
E:\SURVEY\100_0007\100_0007_0098.JPG,43,4366,0.009849,0.000000,0.004924,否
E:\SURVEY\100_0007\100_0007_0099.JPG,44,4366,0.010078,0.000000,0.005039,是
E:\SURVEY\100_0007\100_0007_0100.JPG,46,4366,0.010536,0.000000,0.005268,是
E:\SURVEY\100_0007\100_0007_0101.JPG,45,4366,0.010307,0.000000,0.005153,是
E:\SURVEY\100_0007\100_0007_0102.JPG,43,4366,0.009849,0.000000,0.004924,否
E:\SURVEY\100_0007\100_0007_0103.JPG,42,4366,0.009620,0.000000,0.004810,否
E:\SURVEY\100_0007\100_0007_0104.JPG,45,4366,0.010307,0.000000,0.005153,是
E:\SURVEY\100_0007\100_0007_0105.JPG,44,4366,0.010078,0.000000,0.005039,是
E:\SURVEY\100_0007\100_0007_0106.JPG,44,4366,0.010078,0.000000,0.005039,是
E:\SURVEY\100_0007\100_0007_0107.JPG,43,4366,0.009849,0.000000,0.004924,否
E:\SURVEY\100_0007\100_0007_0108.JPG,45,4366,0.010307,0.000000,0.005153,是
E:\SURVEY\100_0007\100_0007_0109.JPG,44,4366,0.010078,0.000000,0.005039,是
E:\SURVEY\100_0007\100_0007_0110.JPG,43,4366,0.009849,0.000000,0.004924,否
E:\SURVEY\100_0007\100_0007_0111.JPG,43,4366,0.009849,0.000000,0.004924,否
E:\SURVEY\100_0007\100_0007_0112.JPG,45,4366,0.010307,0.000000,0.005153,是
E:\SURVEY\100_0007\100_0007_0113.JPG,44,4366,0.010078,0.000000,0.005039,是
E:\SURVEY\100_0007\100_0007_0114.JPG,44,4366,0.010078,0.000000,0.005039,是
E:\SURVEY\100_0007\100_0007_0115.JPG,44,4366,0.010078,0.000000,0.005039,是
E:\SURVEY\100_0007\100_0007_0116.JPG,45,4366,0.010307,0.000000,0.005153,是
E:\SURVEY\100_0007\100_0007_0117.JPG,45,4366,0.010307,0.000000,0.005153,是
E:\SURVEY\100_0007\100_0007_0118.JPG,43,4366,0.009849,0.000000,0.004924,否
E:\SURVEY\100_0007\100_0007_0119.JPG,45,4366,0.010307,0.000000,0.005153,是
E:\SURVEY\100_0007\100_0007_0120.JPG,42,4366,0.009620,0.000000,0.004810,否
E:\SURVEY\100_0007\100_0007_0121.JPG,44,4366,0.010078,0.000000,0.005039,是
E:\SURVEY\100_0007\100_0007_0122.JPG,46,4366,0.010536,0.001832,0.006184,是
E:\SURVEY\100_0007\100_0007_0123.JPG,45,4366,0.010307,0.000687,0.005497,是
E:\SURVEY\100_0007\100_0007_0124.JPG,44,4366,0.010078,0.000000,0.005039,是
E:\SURVEY\100_0007\100_0007_0125.JPG,45,4366,0.010307,0.000000,0.005153,是
E:\SURVEY\100_0007\100_0007_0126.JPG,45,4366,0.010307,0.000000,0.005153,是
E:\SURVEY\100_0007\100_0007_0127.JPG,43,4366,0.009849,0.000000,0.004924,否
E:\SURVEY\100_0007\100_0007_0128.JPG,43,4366,0.009849,0.000000,0.004924,否
E:\SURVEY\100_0007\100_0007_0129.JPG,44,4366,0.010078,0.000000,0.005039,是
E:\SURVEY\100_0007\100_0007_0130.JPG,44,4366,0.010078,0.000000,0.005039,是
E:\SURVEY\100_0007\100_0007_0131.JPG,43,4366,0.009849,0.000000,0.004924,否
E:\SURVEY\100_0007\100_0007_0132.JPG,45,4366,0.010307,0.000000,0.005153,是
E:\SURVEY\100_0007\100_0007_0133.JPG,45,4366,0.010307,0.000000,0.005153,是
E:\SURVEY\100_0007\100_0007_0134.JPG,44,4366,0.010078,0.000000,0.005039,是
E:\SURVEY\100_0007\100_0007_0135.JPG,43,4366,0.009849,0.000000,0.004924,否
E:\SURVEY\100_0007\100_0007_0136.JPG,43,4366,0.009849,0.000000,0.004924,否
E:\SURVEY\100_0007\100_0007_0137.JPG,45,4366,0.010307,0.000000,0.005153,是
E:\SURVEY\100_0007\100_0007_0138.JPG,44,4366,0.010078,0.000000,0.005039,是
E:\SURVEY\100_0007\100_0007_0139.JPG,43,4366,0.009849,0.000000,0.004924,否
E:\SURVEY\100_0007\100_0007_0140.JPG,44,4366,0.010078,0.000000,0.005039,是
E:\SURVEY\100_0007\100_0007_0141.JPG,46,4366,0.010536,0.000000,0.005268,是
E:\SURVEY\100_0007\100_0007_0142.JPG,44,4366,0.010078,0.000000,0.005039,是
E:\SURVEY\100_0007\100_0007_0143.JPG,45,4366,0.010307,0.000000,0.005153,是
E:\SURVEY\100_0007\100_0007_0144.JPG,43,4366,0.009849,0.000000,0.004924,否
E:\SURVEY\100_0007\100_0007_0145.JPG,44,4366,0.010078,0.000000,0.005039,是
E:\SURVEY\100_0007\100_0007_0146.JPG,45,4366,0.010307,0.000000,0.005153,是
E:\SURVEY\100_0007\100_0007_0147.JPG,45,4366,0.010307,0.000000,0.005153,是
E:\SURVEY\100_0007\100_0007_0148.JPG,44,4366,0.010078,0.000000,0.005039,是
E:\SURVEY\100_0007\100_0007_0149.JPG,44,4366,0.010078,0.000000,0.005039,是
E:\SURVEY\100_0007\100_0007_0150.JPG,45,4366,0.010307,0.000000,0.005153,是
E:\SURVEY\100_0007\100_0007_0151.JPG,44,4366,0.010078,0.000000,0.005039,是
E:\SURVEY\100_0007\100_0007_0152.JPG,43,4366,0.009849,0.000000,0.004924,否
E:\SURVEY\100_0007\100_0007_0153.JPG,43,4366,0.009849,0.000000,0.004924,否
E:\SURVEY\100_0007\100_0007_0154.JPG,44,4366,0.010078,0.000000,0.005039,是
E:\SURVEY\100_0007\100_0007_0155.JPG,45,4366,0.010307,0.000000,0.005153,是
E:\SURVEY\100_0007\100_0007_0156.JPG,44,4366,0.010078,0.000000,0.005039,是
E:\SURVEY\100_0007\100_0007_0157.JPG,44,4366,0.010078,0.000000,0.005039,是
E:\SURVEY\100_0007\100_0007_0158.JPG,45,4366,0.010307,0.000000,0.005153,是
E:\SURVEY\100_0007\100_0007_0159.JPG,45,4366,0.010307,0.000000,0.005153,是
E:\SURVEY\100_0007\100_0007_0160.JPG,44,4366,0.010078,0.000000,0.005039,是
E:\SURVEY\100_0007\100_0007_0161.JPG,43,4366,0.009849,0.000000,0.004924,否
E:\SURVEY\100_0007\100_0007_0162.JPG,44,4366,0.010078,0.000000,0.005039,是
E:\SURVEY\100_0007\100_0007_0163.JPG,45,4366,0.010307,0.000000,0.005153,是
E:\SURVEY\100_0007\100_0007_0164.JPG,45,4366,0.010307,0.000000,0.005153,是
E:\SURVEY\100_0007\100_0007_0165.JPG,43,4366,0.009849,0.000000,0.004924,否
E:\SURVEY\100_0007\100_0007_0166.JPG,45,4366,0.010307,0.000000,0.005153,是
E:\SURVEY\100_0007\100_0007_0167.JPG,45,4366,0.010307,0.000000,0.005153,是
E:\SURVEY\100_0007\100_0007_0168.JPG,44,4366,0.010078,0.000000,0.005039,是
E:\SURVEY\100_0007\100_0007_0169.JPG,42,4366,0.009620,0.000000,0.004810,否
E:\SURVEY\100_0007\100_0007_0170.JPG,43,4366,0.009849,0.000000,0.004924,否
E:\SURVEY\100_0007\100_0007_0171.JPG,45,4366,0.010307,0.000000,0.005153,是
E:\SURVEY\100_0007\100_0007_0172.JPG,45,4366,0.010307,0.000000,0.005153,是
E:\SURVEY\100_0007\100_0007_0173.JPG,44,4366,0.010078,0.000000,0.005039,是
E:\SURVEY\100_0007\100_0007_0174.JPG,44,4366,0.010078,0.000000,0.005039,是
E:\SURVEY\100_0007\100_0007_0175.JPG,44,4366,0.010078,0.000000,0.005039,是
E:\SURVEY\100_0007\100_0007_0176.JPG,45,4366,0.010307,0.000000,0.005153,是
E:\SURVEY\100_0007\100_0007_0177.JPG,44,4366,0.010078,0.000000,0.005039,是
E:\SURVEY\100_0007\100_0007_0178.JPG,43,4366,0.009849,0.000000,0.004924,否
E:\SURVEY\100_0007\100_0007_0179.JPG,45,4366,0.010307,0.000000,0.005153,是
E:\SURVEY\100_0007\100_0007_0180.JPG,45,4366,0.010307,0.000000,0.005153,是
E:\SURVEY\100_0007\100_0007_0181.JPG,44,4366,0.010078,0.000000,0.005039,是
E:\SURVEY\100_0007\100_0007_0182.JPG,43,4366,0.009849,0.000000,0.004924,否
E:\SURVEY\100_0007\100_0007_0183.JPG,43,4366,0.009849,0.000000,0.004924,否
E:\SURVEY\100_0007\100_0007_0184.JPG,44,4366,0.010078,0.000000,0.005039,是
E:\SURVEY\100_0007\100_0007_0185.JPG,45,4366,0.010307,0.000000,0.005153,是
E:\SURVEY\100_0007\100_0007_0186.JPG,43,4366,0.009849,0.000000,0.004924,否
E:\SURVEY\100_0007\100_0007_0187.JPG,44,4366,0.010078,0.000000,0.005039,是
E:\SURVEY\100_0007\100_0007_0188.JPG,43,4366,0.009849,0.000000,0.004924,否
E:\SURVEY\100_0007\100_0007_0189.JPG,46,4366,0.010536,0.000000,0.005268,是
E:\SURVEY\100_0007\100_0007_0190.JPG,44,4366,0.010078,0.000000,0.005039,是
E:\SURVEY\100_0007\100_0007_0191.JPG,42,4366,0.009620,0.000000,0.004810,否
E:\SURVEY\100_0007\100_0007_0192.JPG,44,4366,0.010078,0.001374,0.005726,是
E:\SURVEY\100_0007\100_0007_0193.JPG,45,4366,0.010307,0.000229,0.005268,是
E:\SURVEY\100_0007\100_0007_0194.JPG,44,4366,0.010078,0.000000,0.005039,是
E:\SURVEY\100_0007\100_0007_0195.JPG,44,4366,0.010078,0.000000,0.005039,是
E:\SURVEY\100_0007\100_0007_0196.JPG,45,4366,0.010307,0.000000,0.005153,是
E:\SURVEY\100_0007\100_0007_0197.JPG,46,4366,0.010536,0.000000,0.005268,是
E:\SURVEY\100_0007\100_0007_0198.JPG,45,4366,0.010307,0.000000,0.005153,是
E:\SURVEY\100_0007\100_0007_0199.JPG,44,4366,0.010078,0.000000,0.005039,是
E:\SURVEY\100_0007\100_0007_0200.JPG,44,4366,0.010078,0.000000,0.005039,是
E:\SURVEY\100_0007\100_0007_0201.JPG,43,4366,0.009849,0.000000,0.004924,否
E:\SURVEY\100_0007\100_0007_0202.JPG,44,4366,0.010078,0.000000,0.005039,是
E:\SURVEY\100_0007\100_0007_0203.JPG,44,4366,0.010078,0.000000,0.005039,是
E:\SURVEY\100_0007\100_0007_0204.JPG,44,4366,0.010078,0.000000,0.005039,是
E:\SURVEY\100_0007\100_0007_0205.JPG,44,4366,0.010078,0.000000,0.005039,是
E:\SURVEY\100_0007\100_0007_0206.JPG,43,4366,0.009849,0.000000,0.004924,否
E:\SURVEY\100_0007\100_0007_0207.JPG,45,4366,0.010307,0.000000,0.005153,是
E:\SURVEY\100_0007\100_0007_0208.JPG,43,4366,0.009849,0.000000,0.004924,否
E:\SURVEY\100_0007\100_0007_0209.JPG,45,4366,0.010307,0.000000,0.005153,是
E:\SURVEY\100_0007\100_0007_0210.JPG,43,4366,0.009849,0.000000,0.004924,否
E:\SURVEY\100_0007\100_0007_0211.JPG,43,4366,0.009849,0.000000,0.004924,否
E:\SURVEY\100_0007\100_0007_0212.JPG,45,4366,0.010307,0.000000,0.005153,是
E:\SURVEY\100_0007\100_0007_0213.JPG,45,4366,0.010307,0.000000,0.005153,是
E:\SURVEY\100_0007\100_0007_0214.JPG,43,4366,0.009849,0.000000,0.004924,否
E:\SURVEY\100_0007\100_0007_0215.JPG,45,4366,0.010307,0.000000,0.005153,是
E:\SURVEY\100_0007\100_0007_0216.JPG,44,4366,0.010078,0.000000,0.005039,是
E:\SURVEY\100_0007\100_0007_0217.JPG,45,4366,0.010307,0.000000,0.005153,是
E:\SURVEY\100_0007\100_0007_0218.JPG,43,4366,0.009849,0.000000,0.004924,否
E:\SURVEY\100_0007\100_0007_0219.JPG,43,4366,0.009849,0.000000,0.004924,否
E:\SURVEY\100_0007\100_0007_0220.JPG,46,4366,0.010536,0.000000,0.005268,是
E:\SURVEY\100_0007\100_0007_0221.JPG,44,4366,0.010078,0.000000,0.005039,是
E:\SURVEY\100_0007\100_0007_0222.JPG,43,4366,0.009849,0.000000,0.004924,否
E:\SURVEY\100_0007\100_0007_0223.JPG,44,4366,0.010078,0.000000,0.005039,是
E:\SURVEY\100_0007\100_0007_0224.JPG,44,4366,0.010078,0.000000,0.005039,是
E:\SURVEY\100_0007\100_0007_0225.JPG,44,4366,0.010078,0.000000,0.005039,是
E:\SURVEY\100_0007\100_0007_0226.JPG,43,4366,0.009849,0.000000,0.004924,否
E:\SURVEY\100_0007\100_0007_0227.JPG,43,4366,0.009849,0.000000,0.004924,否
E:\SURVEY\100_0007\100_0007_0228.JPG,45,4366,0.010307,0.000000,0.005153,是
E:\SURVEY\100_0007\100_0007_0229.JPG,44,4366,0.010078,0.000000,0.005039,是
E:\SURVEY\100_0007\100_0007_0230.JPG,44,4366,0.010078,0.000000,0.005039,是
E:\SURVEY\100_0007\100_0007_0231.JPG,45,4366,0.010307,0.000000,0.005153,是
E:\SURVEY\100_0007\100_0007_0232.JPG,44,4366,0.010078,0.000000,0.005039,是
E:\SURVEY\100_0007\100_0007_0233.JPG,44,4366,0.010078,0.000000,0.005039,是
E:\SURVEY\100_0007\100_0007_0234.JPG,44,4366,0.010078,0.000000,0.005039,是
E:\SURVEY\100_0007\100_0007_0235.JPG,44,4366,0.010078,0.000000,0.005039,是
E:\SURVEY\100_0007\100_0007_0236.JPG,44,4366,0.010078,0.000000,0.005039,是
E:\SURVEY\100_0007\100_0007_0237.JPG,44,4366,0.010078,0.000000,0.005039,是
E:\SURVEY\100_0007\100_0007_0238.JPG,45,4366,0.010307,0.000000,0.005153,是
E:\SURVEY\100_0007\100_0007_0239.JPG,45,4366,0.010307,0.000000,0.005153,是
E:\SURVEY\100_0007\100_0007_0240.JPG,43,4366,0.009849,0.000000,0.004924,否
E:\SURVEY\100_0007\100_0007_0241.JPG,43,4366,0.009849,0.000000,0.004924,否
E:\SURVEY\100_0007\100_0007_0242.JPG,44,4366,0.010078,0.000000,0.005039,是
E:\SURVEY\100_0007\100_0007_0243.JPG,45,4366,0.010307,0.000000,0.005153,是
E:\SURVEY\100_0007\100_0007_0244.JPG,44,4366,0.010078,0.000000,0.005039,是
E:\SURVEY\100_0007\100_0007_0245.JPG,43,4366,0.009849,0.000000,0.004924,否
E:\SURVEY\100_0007\100_0007_0246.JPG,45,4366,0.010307,0.000000,0.005153,是
E:\SURVEY\100_0007\100_0007_0247.JPG,45,4366,0.010307,0.000000,0.005153,是
E:\SURVEY\100_0007\100_0007_0248.JPG,44,4366,0.010078,0.000000,0.005039,是
E:\SURVEY\100_0007\100_0007_0249.JPG,43,4366,0.009849,0.000000,0.004924,否
E:\SURVEY\100_0007\100_0007_0250.JPG,44,4366,0.010078,0.000000,0.005039,是
E:\SURVEY\100_0007\100_0007_0251.JPG,46,4366,0.010536,0.000000,0.005268,是
E:\SURVEY\100_0007\100_0007_0252.JPG,44,4366,0.010078,0.000000,0.005039,是
E:\SURVEY\100_0007\100_0007_0253.JPG,43,4366,0.009849,0.000000,0.004924,否
E:\SURVEY\100_0007\100_0007_0254.JPG,44,4366,0.010078,0.000000,0.005039,是
E:\SURVEY\100_0007\100_0007_0255.JPG,46,4366,0.010536,0.000000,0.005268,是
E:\SURVEY\100_0007\100_0007_0256.JPG,44,4366,0.010078,0.000000,0.005039,是
E:\SURVEY\100_0007\100_0007_0257.JPG,43,4366,0.009849,0.000000,0.004924,否
E:\SURVEY\100_0007\100_0007_0258.JPG,44,4366,0.010078,0.000000,0.005039,是
E:\SURVEY\100_0007\100_0007_0259.JPG,45,4366,0.010307,0.000000,0.005153,是
E:\SURVEY\100_0007\100_0007_0260.JPG,47,4366,0.010765,0.010765,0.010765,是
E:\SURVEY\100_0007\100_0007_0261.JPG,44,4366,0.010078,0.000000,0.005039,是
E:\SURVEY\100_0007\100_0007_0262.JPG,46,4366,0.010536,0.000000,0.005268,是
E:\SURVEY\100_0007\100_0007_0263.JPG,44,4366,0.010078,0.000000,0.005039,是
E:\SURVEY\100_0007\100_0007_0264.JPG,45,4366,0.010307,0.000000,0.005153,是
E:\SURVEY\100_0007\100_0007_0265.JPG,43,4366,0.009849,0.000000,0.004924,否
E:\SURVEY\100_0007\100_0007_0266.JPG,45,4366,0.010307,0.000000,0.005153,是
E:\SURVEY\100_0007\100_0007_0267.JPG,44,4366,0.010078,0.000000,0.005039,是
E:\SURVEY\100_0007\100_0007_0268.JPG,44,4366,0.010078,0.000000,0.005039,是
E:\SURVEY\100_0007\100_0007_0269.JPG,44,4366,0.010078,0.000000,0.005039,是
E:\SURVEY\100_0007\100_0007_0270.JPG,42,4366,0.009620,0.000000,0.004810,否
E:\SURVEY\100_0007\100_0007_0271.JPG,44,4366,0.010078,0.000000,0.005039,是
E:\SURVEY\100_0007\100_0007_0272.JPG,46,4366,0.010536,0.000000,0.005268,是
E:\SURVEY\100_0007\100_0007_0273.JPG,44,4366,0.010078,0.000000,0.005039,是
E:\SURVEY\100_0007\100_0007_0274.JPG,43,4366,0.009849,0.000000,0.004924,否
E:\SURVEY\100_0007\100_0007_0275.JPG,44,4366,0.010078,0.000000,0.005039,是
E:\SURVEY\100_0007\100_0007_0276.JPG,45,4366,0.010307,0.000000,0.005153,是
E:\SURVEY\100_0007\100_0007_0277.JPG,45,4366,0.010307,0.000000,0.005153,是
E:\SURVEY\100_0007\100_0007_0278.JPG,42,4366,0.009620,0.000000,0.004810,否
E:\SURVEY\100_0007\100_0007_0279.JPG,43,4366,0.009849,0.000000,0.004924,否
E:\SURVEY\100_0007\100_0007_0280.JPG,46,4366,0.010536,0.000458,0.005497,是
E:\SURVEY\100_0007\100_0007_0281.JPG,45,4366,0.010307,0.000000,0.005153,是
E:\SURVEY\100_0007\100_0007_0282.JPG,43,4366,0.009849,0.000000,0.004924,否
E:\SURVEY\100_0007\100_0007_0283.JPG,43,4366,0.009849,0.000000,0.004924,否
E:\SURVEY\100_0007\100_0007_0284.JPG,44,4366,0.010078,0.000000,0.005039,是
E:\SURVEY\100_0007\100_0007_0285.JPG,45,4366,0.010307,0.000000,0.005153,是
E:\SURVEY\100_0007\100_0007_0286.JPG,43,4366,0.009849,0.000000,0.004924,否
E:\SURVEY\100_0007\100_0007_0287.JPG,43,4366,0.009849,0.000000,0.004924,否
E:\SURVEY\100_0007\100_0007_0288.JPG,45,4366,0.010307,0.000000,0.005153,是
E:\SURVEY\100_0007\100_0007_0289.JPG,45,4366,0.010307,0.000000,0.005153,是
E:\SURVEY\100_0007\100_0007_0290.JPG,44,4366,0.010078,0.000000,0.005039,是
E:\SURVEY\100_0007\100_0007_0291.JPG,43,4366,0.009849,0.000000,0.004924,否
E:\SURVEY\100_0007\100_0007_0292.JPG,44,4366,0.010078,0.000000,0.005039,是
E:\SURVEY\100_0007\100_0007_0293.JPG,43,4366,0.009849,0.000000,0.004924,否
E:\SURVEY\100_0007\100_0007_0294.JPG,44,4366,0.010078,0.000000,0.005039,是
E:\SURVEY\100_0007\100_0007_0295.JPG,43,4366,0.009849,0.000000,0.004924,否
E:\SURVEY\100_0007\100_0007_0296.JPG,44,4366,0.010078,0.000000,0.005039,是
E:\SURVEY\100_0007\100_0007_0297.JPG,44,4366,0.010078,0.000000,0.005039,是
E:\SURVEY\100_0007\100_0007_0298.JPG,45,4366,0.010307,0.000000,0.005153,是
E:\SURVEY\100_0007\100_0007_0299.JPG,44,4366,0.010078,0.000000,0.005039,是
E:\SURVEY\100_0007\100_0007_0300.JPG,44,4366,0.010078,0.000000,0.005039,是
E:\SURVEY\100_0007\100_0007_0301.JPG,42,4366,0.009620,0.000000,0.004810,否
E:\SURVEY\100_0007\100_0007_0302.JPG,44,4366,0.010078,0.000000,0.005039,是
E:\SURVEY\100_0007\100_0007_0303.JPG,44,4366,0.010078,0.000000,0.005039,是
E:\SURVEY\100_0007\100_0007_0304.JPG,44,4366,0.010078,0.000000,0.005039,是
E:\SURVEY\100_0007\100_0007_0305.JPG,43,4366,0.009849,0.000000,0.004924,否
E:\SURVEY\100_0007\100_0007_0306.JPG,45,4366,0.010307,0.000000,0.005153,是
E:\SURVEY\100_0007\100_0007_0307.JPG,44,4366,0.010078,0.000000,0.005039,是
E:\SURVEY\100_0007\100_0007_0308.JPG,45,4366,0.010307,0.000000,0.005153,是
E:\SURVEY\100_0007\100_0007_0309.JPG,42,4366,0.009620,0.000000,0.004810,否
E:\SURVEY\100_0007\100_0007_0310.JPG,44,4366,0.010078,0.000000,0.005039,是
E:\SURVEY\100_0007\100_0007_0311.JPG,45,4366,0.010307,0.000000,0.005153,是
E:\SURVEY\100_0007\100_0007_0312.JPG,44,4366,0.010078,0.000000,0.005039,是
E:\SURVEY\100_0007\100_0007_0313.JPG,45,4366,0.010307,0.000000,0.005153,是
E:\SURVEY\100_0007\100_0007_0314.JPG,48,4366,0.010994,0.010994,0.010994,是
E:\SURVEY\100_0007\100_0007_0315.JPG,42,4366,0.009620,0.000000,0.004810,否
E:\SURVEY\100_0007\100_0007_0316.JPG,44,4366,0.010078,0.000000,0.005039,是
E:\SURVEY\100_0007\100_0007_0317.JPG,45,4366,0.010307,0.000000,0.005153,是
E:\SURVEY\100_0007\100_0007_0318.JPG,47,4366,0.010765,0.004123,0.007444,是
E:\SURVEY\100_0007\100_0007_0319.JPG,40,4366,0.009162,0.000000,0.004581,否
E:\SURVEY\100_0007\100_0007_0320.JPG,44,4366,0.010078,0.000000,0.005039,是
E:\SURVEY\100_0007\100_0007_0321.JPG,45,4366,0.010307,0.000000,0.005153,是
E:\SURVEY\100_0007\100_0007_0322.JPG,45,4366,0.010307,0.000000,0.005153,是
E:\SURVEY\100_0007\100_0007_0323.JPG,43,4366,0.009849,0.000000,0.004924,否
E:\SURVEY\100_0007\100_0007_0324.JPG,41,4366,0.009391,0.000000,0.004695,否
E:\SURVEY\100_0007\100_0007_0325.JPG,45,4366,0.010307,0.000000,0.005153,是
E:\SURVEY\100_0007\100_0007_0326.JPG,45,4366,0.010307,0.000000,0.005153,是
E:\SURVEY\100_0007\100_0007_0327.JPG,43,4366,0.009849,0.000000,0.004924,否
E:\SURVEY\100_0007\100_0007_0328.JPG,45,4366,0.010307,0.000000,0.005153,是
E:\SURVEY\100_0007\100_0007_0329.JPG,46,4366,0.010536,0.000687,0.005612,是
E:\SURVEY\100_0007\100_0007_0330.JPG,43,4366,0.009849,0.000000,0.004924,否
E:\SURVEY\100_0007\100_0007_0331.JPG,42,4366,0.009620,0.000000,0.004810,否
E:\SURVEY\100_0007\100_0007_0332.JPG,44,4366,0.010078,0.000000,0.005039,是
E:\SURVEY\100_0007\100_0007_0333.JPG,45,4366,0.010307,0.000000,0.005153,是
E:\SURVEY\100_0007\100_0007_0334.JPG,43,4366,0.009849,0.000000,0.004924,否
E:\SURVEY\100_0007\100_0007_0335.JPG,43,4366,0.009849,0.000000,0.004924,否
E:\SURVEY\100_0007\100_0007_0336.JPG,44,4366,0.010078,0.000000,0.005039,是
E:\SURVEY\100_0007\100_0007_0337.JPG,45,4366,0.010307,0.000000,0.005153,是
E:\SURVEY\100_0007\100_0007_0338.JPG,44,4366,0.010078,0.000000,0.005039,是
E:\SURVEY\100_0007\100_0007_0339.JPG,44,4366,0.010078,0.000000,0.005039,是
E:\SURVEY\100_0007\100_0007_0340.JPG,44,4366,0.010078,0.000000,0.005039,是
E:\SURVEY\100_0007\100_0007_0341.JPG,43,4366,0.009849,0.000000,0.004924,否
E:\SURVEY\100_0007\100_0007_0342.JPG,44,4366,0.010078,0.000000,0.005039,是
E:\SURVEY\100_0007\100_0007_0343.JPG,45,4366,0.010307,0.000000,0.005153,是
E:\SURVEY\100_0007\100_0007_0344.JPG,44,4366,0.010078,0.000000,0.005039,是
E:\SURVEY\100_0007\100_0007_0345.JPG,44,4366,0.010078,0.000000,0.005039,是
E:\SURVEY\100_0007\100_0007_0346.JPG,45,4366,0.010307,0.000000,0.005153,是
E:\SURVEY\100_0007\100_0007_0347.JPG,45,4366,0.010307,0.000000,0.005153,是
E:\SURVEY\100_0007\100_0007_0348.JPG,43,4366,0.009849,0.000000,0.004924,否
E:\SURVEY\100_0007\100_0007_0349.JPG,43,4366,0.009849,0.000000,0.004924,否
E:\SURVEY\100_0007\100_0007_0350.JPG,44,4366,0.010078,0.000000,0.005039,是
E:\SURVEY\100_0007\100_0007_0351.JPG,45,4366,0.010307,0.000000,0.005153,是
E:\SURVEY\100_0007\100_0007_0352.JPG,43,4366,0.009849,0.000000,0.004924,否
E:\SURVEY\100_0007\100_0007_0353.JPG,44,4366,0.010078,0.000000,0.005039,是
E:\SURVEY\100_0007\100_0007_0354.JPG,46,4366,0.010536,0.000000,0.005268,是
E:\SURVEY\100_0007\100_0007_0355.JPG,45,4366,0.010307,0.000000,0.005153,是
E:\SURVEY\100_0007\100_0007_0356.JPG,43,4366,0.009849,0.000000,0.004924,否
E:\SURVEY\100_0007\100_0007_0357.JPG,42,4366,0.009620,0.000000,0.004810,否
E:\SURVEY\100_0007\100_0007_0358.JPG,45,4366,0.010307,0.000000,0.005153,是
E:\SURVEY\100_0007\100_0007_0359.JPG,45,4366,0.010307,0.000000,0.005153,是
E:\SURVEY\100_0007\100_0007_0360.JPG,43,4366,0.009849,0.000000,0.004924,否
E:\SURVEY\100_0007\100_0007_0361.JPG,43,4366,0.009849,0.000000,0.004924,否
E:\SURVEY\100_0007\100_0007_0362.JPG,45,4366,0.010307,0.000229,0.005268,是
E:\SURVEY\100_0007\100_0007_0363.JPG,45,4366,0.010307,0.000229,0.005268,是
E:\SURVEY\100_0007\100_0007_0364.JPG,46,4366,0.010536,0.002290,0.006413,是
E:\SURVEY\100_0007\100_0007_0365.JPG,45,4366,0.010307,0.000000,0.005153,是
E:\SURVEY\100_0007\100_0007_0366.JPG,46,4366,0.010536,0.002519,0.006528,是
E:\SURVEY\100_0007\100_0007_0367.JPG,44,4366,0.010078,0.000000,0.005039,是
E:\SURVEY\100_0007\100_0007_0368.JPG,47,4366,0.010765,0.004810,0.007787,是
E:\SURVEY\100_0007\100_0007_0369.JPG,45,4366,0.010307,0.000000,0.005153,是
E:\SURVEY\100_0007\100_0007_0370.JPG,43,4366,0.009849,0.000000,0.004924,否
E:\SURVEY\100_0007\100_0007_0371.JPG,43,4366,0.009849,0.000000,0.004924,否
E:\SURVEY\100_0007\100_0007_0372.JPG,45,4366,0.010307,0.000000,0.005153,是
E:\SURVEY\100_0007\100_0007_0373.JPG,44,4366,0.010078,0.000000,0.005039,是
E:\SURVEY\100_0007\100_0007_0374.JPG,45,4366,0.010307,0.000000,0.005153,是
E:\SURVEY\100_0007\100_0007_0375.JPG,42,4366,0.009620,0.000000,0.004810,否
E:\SURVEY\100_0007\100_0007_0376.JPG,46,4366,0.010536,0.000000,0.005268,是
E:\SURVEY\100_0007\100_0007_0377.JPG,44,4366,0.010078,0.000000,0.005039,是
E:\SURVEY\100_0007\100_0007_0378.JPG,43,4366,0.009849,0.000000,0.004924,否
E:\SURVEY\100_0007\100_0007_0379.JPG,43,4366,0.009849,0.000000,0.004924,否
E:\SURVEY\100_0007\100_0007_0380.JPG,44,4366,0.010078,0.000000,0.005039,是
E:\SURVEY\100_0007\100_0007_0381.JPG,44,4366,0.010078,0.000000,0.005039,是
E:\SURVEY\100_0007\100_0007_0382.JPG,45,4366,0.010307,0.000000,0.005153,是
E:\SURVEY\100_0007\100_0007_0383.JPG,44,4366,0.010078,0.000000,0.005039,是
E:\SURVEY\100_0007\100_0007_0384.JPG,45,4366,0.010307,0.000000,0.005153,是
E:\SURVEY\100_0007\100_0007_0385.JPG,43,4366,0.009849,0.000000,0.004924,否
E:\SURVEY\100_0007\100_0007_0386.JPG,43,4366,0.009849,0.000000,0.004924,否
E:\SURVEY\100_0007\100_0007_0387.JPG,45,4366,0.010307,0.000000,0.005153,是
E:\SURVEY\100_0007\100_0007_0388.JPG,43,4366,0.009849,0.000000,0.004924,否
E:\SURVEY\100_0007\100_0007_0389.JPG,44,4366,0.010078,0.000000,0.005039,是
E:\SURVEY\100_0007\100_0007_0390.JPG,45,4366,0.010307,0.000000,0.005153,是
E:\SURVEY\100_0007\100_0007_0391.JPG,44,4366,0.010078,0.000000,0.005039,是
E:\SURVEY\100_0007\100_0007_0392.JPG,44,4366,0.010078,0.000000,0.005039,是
E:\SURVEY\100_0007\100_0007_0393.JPG,44,4366,0.010078,0.000000,0.005039,是
E:\SURVEY\100_0007\100_0007_0394.JPG,44,4366,0.010078,0.000000,0.005039,是
E:\SURVEY\100_0007\100_0007_0395.JPG,45,4366,0.010307,0.000000,0.005153,是
E:\SURVEY\100_0007\100_0007_0396.JPG,44,4366,0.010078,0.000000,0.005039,是
E:\SURVEY\100_0007\100_0007_0397.JPG,43,4366,0.009849,0.000000,0.004924,否
E:\SURVEY\100_0007\100_0007_0398.JPG,44,4366,0.010078,0.000000,0.005039,是
E:\SURVEY\100_0007\100_0007_0399.JPG,45,4366,0.010307,0.000000,0.005153,是
E:\SURVEY\100_0007\100_0007_0400.JPG,43,4366,0.009849,0.000000,0.004924,否
E:\SURVEY\100_0007\100_0007_0401.JPG,45,4366,0.010307,0.000229,0.005268,是
E:\SURVEY\100_0007\100_0007_0402.JPG,42,4366,0.009620,0.000000,0.004810,否
E:\SURVEY\100_0007\100_0007_0403.JPG,45,4366,0.010307,0.000000,0.005153,是
E:\SURVEY\100_0007\100_0007_0404.JPG,44,4366,0.010078,0.000000,0.005039,是
E:\SURVEY\100_0007\100_0007_0405.JPG,43,4366,0.009849,0.000000,0.004924,否
E:\SURVEY\100_0007\100_0007_0406.JPG,42,4366,0.009620,0.000000,0.004810,否
E:\SURVEY\100_0007\100_0007_0407.JPG,45,4366,0.010307,0.000000,0.005153,是
E:\SURVEY\100_0007\100_0007_0408.JPG,44,4366,0.010078,0.000000,0.005039,是
E:\SURVEY\100_0007\100_0007_0409.JPG,43,4366,0.009849,0.000000,0.004924,否
E:\SURVEY\100_0007\100_0007_0410.JPG,44,4366,0.010078,0.000000,0.005039,是
E:\SURVEY\100_0007\100_0007_0411.JPG,45,4366,0.010307,0.000000,0.005153,是
E:\SURVEY\100_0007\100_0007_0412.JPG,44,4366,0.010078,0.000000,0.005039,是
E:\SURVEY\100_0007\100_0007_0413.JPG,44,4366,0.010078,0.000000,0.005039,是
E:\SURVEY\100_0007\100_0007_0414.JPG,43,4366,0.009849,0.000000,0.004924,否
E:\SURVEY\100_0007\100_0007_0415.JPG,43,4366,0.009849,0.000000,0.004924,否
E:\SURVEY\100_0008\100_0008_0001.JPG,45,4366,0.010307,0.000000,0.005153,是
E:\SURVEY\100_0008\100_0008_0002.JPG,44,4366,0.010078,0.000000,0.005039,是
E:\SURVEY\100_0008\100_0008_0003.JPG,45,4366,0.010307,0.000000,0.005153,是
E:\SURVEY\100_0008\100_0008_0004.JPG,44,4366,0.010078,0.000000,0.005039,是
E:\SURVEY\100_0008\100_0008_0005.JPG,45,4366,0.010307,0.000000,0.005153,是
E:\SURVEY\100_0008\100_0008_0006.JPG,44,4366,0.010078,0.000000,0.005039,是
E:\SURVEY\100_0008\100_0008_0007.JPG,43,4366,0.009849,0.000000,0.004924,否
E:\SURVEY\100_0008\100_0008_0008.JPG,45,4366,0.010307,0.000000,0.005153,是
E:\SURVEY\100_0008\100_0008_0009.JPG,43,4366,0.009849,0.000000,0.004924,否
E:\SURVEY\100_0008\100_0008_0010.JPG,43,4366,0.009849,0.000000,0.004924,否
E:\SURVEY\100_0008\100_0008_0011.JPG,45,4366,0.010307,0.000000,0.005153,是
E:\SURVEY\100_0008\100_0008_0012.JPG,45,4366,0.010307,0.000000,0.005153,是
E:\SURVEY\100_0008\100_0008_0013.JPG,43,4366,0.009849,0.000000,0.004924,否
E:\SURVEY\100_0008\100_0008_0014.JPG,42,4366,0.009620,0.000000,0.004810,否
E:\SURVEY\100_0008\100_0008_0015.JPG,43,4366,0.009849,0.000000,0.004924,否
E:\SURVEY\100_0008\100_0008_0016.JPG,45,4366,0.010307,0.000000,0.005153,是
E:\SURVEY\100_0008\100_0008_0017.JPG,43,4366,0.009849,0.000000,0.004924,否
E:\SURVEY\100_0008\100_0008_0018.JPG,43,4366,0.009849,0.000000,0.004924,否
E:\SURVEY\100_0008\100_0008_0019.JPG,45,4366,0.010307,0.000458,0.005383,是
E:\SURVEY\100_0008\100_0008_0020.JPG,44,4366,0.010078,0.000000,0.005039,是
E:\SURVEY\100_0008\100_0008_0021.JPG,42,4366,0.009620,0.000000,0.004810,否
E:\SURVEY\100_0008\100_0008_0022.JPG,44,4366,0.010078,0.000000,0.005039,是
E:\SURVEY\100_0008\100_0008_0023.JPG,44,4366,0.010078,0.000000,0.005039,是
E:\SURVEY\100_0008\100_0008_0024.JPG,45,4366,0.010307,0.000000,0.005153,是
E:\SURVEY\100_0008\100_0008_0025.JPG,43,4366,0.009849,0.000000,0.004924,否
E:\SURVEY\100_0008\100_0008_0026.JPG,45,4366,0.010307,0.000000,0.005153,是
E:\SURVEY\100_0008\100_0008_0027.JPG,45,4366,0.010307,0.000000,0.005153,是
E:\SURVEY\100_0008\100_0008_0028.JPG,45,4366,0.010307,0.000000,0.005153,是
E:\SURVEY\100_0008\100_0008_0029.JPG,43,4366,0.009849,0.000000,0.004924,否
E:\SURVEY\100_0008\100_0008_0030.JPG,43,4366,0.009849,0.000000,0.004924,否
E:\SURVEY\100_0008\100_0008_0031.JPG,43,4366,0.009849,0.000000,0.004924,否
E:\SURVEY\100_0008\100_0008_0032.JPG,45,4366,0.010307,0.000000,0.005153,是
E:\SURVEY\100_0008\100_0008_0033.JPG,43,4366,0.009849,0.000000,0.004924,否
E:\SURVEY\100_0008\100_0008_0034.JPG,44,4366,0.010078,0.000000,0.005039,是
E:\SURVEY\100_0008\100_0008_0035.JPG,44,4366,0.010078,0.000000,0.005039,是
E:\SURVEY\100_0008\100_0008_0036.JPG,46,4366,0.010536,0.000458,0.005497,是
E:\SURVEY\100_0008\100_0008_0037.JPG,45,4366,0.010307,0.000000,0.005153,是
E:\SURVEY\100_0008\100_0008_0038.JPG,43,4366,0.009849,0.000000,0.004924,否
E:\SURVEY\100_0008\100_0008_0039.JPG,43,4366,0.009849,0.000000,0.004924,否
E:\SURVEY\100_0008\100_0008_0040.JPG,44,4366,0.010078,0.000000,0.005039,是
E:\SURVEY\100_0008\100_0008_0041.JPG,44,4366,0.010078,0.000000,0.005039,是
E:\SURVEY\100_0008\100_0008_0042.JPG,44,4366,0.010078,0.000000,0.005039,是
E:\SURVEY\100_0008\100_0008_0043.JPG,43,4366,0.009849,0.000000,0.004924,否
E:\SURVEY\100_0008\100_0008_0044.JPG,45,4366,0.010307,0.000000,0.005153,是
E:\SURVEY\100_0008\100_0008_0045.JPG,45,4366,0.010307,0.000000,0.005153,是
E:\SURVEY\100_0008\100_0008_0046.JPG,45,4366,0.010307,0.000000,0.005153,是
E:\SURVEY\100_0008\100_0008_0047.JPG,43,4366,0.009849,0.000000,0.004924,否
E:\SURVEY\100_0008\100_0008_0048.JPG,43,4366,0.009849,0.000000,0.004924,否
E:\SURVEY\100_0008\100_0008_0049.JPG,46,4366,0.010536,0.000000,0.005268,是
E:\SURVEY\100_0008\100_0008_0050.JPG,43,4366,0.009849,0.000000,0.004924,否
E:\SURVEY\100_0008\100_0008_0051.JPG,43,4366,0.009849,0.000000,0.004924,否
E:\SURVEY\100_0008\100_0008_0052.JPG,44,4366,0.010078,0.000000,0.005039,是
E:\SURVEY\100_0008\100_0008_0053.JPG,46,4366,0.010536,0.000000,0.005268,是
E:\SURVEY\100_0008\100_0008_0054.JPG,45,4366,0.010307,0.000000,0.005153,是
E:\SURVEY\100_0008\100_0008_0055.JPG,44,4366,0.010078,0.000000,0.005039,是
E:\SURVEY\100_0008\100_0008_0056.JPG,44,4366,0.010078,0.000000,0.005039,是
E:\SURVEY\100_0008\100_0008_0057.JPG,44,4366,0.010078,0.000000,0.005039,是
E:\SURVEY\100_0008\100_0008_0058.JPG,46,4366,0.010536,0.000000,0.005268,是
E:\SURVEY\100_0008\100_0008_0059.JPG,44,4366,0.010078,0.000000,0.005039,是
E:\SURVEY\100_0008\100_0008_0060.JPG,44,4366,0.010078,0.000000,0.005039,是
E:\SURVEY\100_0008\100_0008_0061.JPG,46,4366,0.010536,0.000687,0.005612,是
E:\SURVEY\100_0008\100_0008_0062.JPG,45,4366,0.010307,0.000000,0.005153,是
E:\SURVEY\100_0008\100_0008_0063.JPG,44,4366,0.010078,0.000000,0.005039,是
E:\SURVEY\100_0008\100_0008_0064.JPG,43,4366,0.009849,0.000000,0.004924,否
E:\SURVEY\100_0008\100_0008_0065.JPG,44,4366,0.010078,0.000000,0.005039,是
E:\SURVEY\100_0008\100_0008_0066.JPG,45,4366,0.010307,0.000000,0.005153,是
E:\SURVEY\100_0008\100_0008_0067.JPG,44,4366,0.010078,0.000000,0.005039,是
E:\SURVEY\100_0008\100_0008_0068.JPG,43,4366,0.009849,0.000000,0.004924,否
E:\SURVEY\100_0008\100_0008_0069.JPG,45,4366,0.010307,0.000000,0.005153,是
E:\SURVEY\100_0008\100_0008_0070.JPG,44,4366,0.010078,0.000000,0.005039,是
E:\SURVEY\100_0008\100_0008_0071.JPG,44,4366,0.010078,0.000000,0.005039,是
E:\SURVEY\100_0008\100_0008_0072.JPG,44,4366,0.010078,0.000000,0.005039,是
E:\SURVEY\100_0008\100_0008_0073.JPG,43,4366,0.009849,0.000000,0.004924,否
E:\SURVEY\100_0008\100_0008_0074.JPG,44,4366,0.010078,0.000000,0.005039,是
E:\SURVEY\100_0008\100_0008_0075.JPG,43,4366,0.009849,0.000000,0.004924,否
E:\SURVEY\100_0008\100_0008_0076.JPG,45,4366,0.010307,0.000000,0.005153,是
E:\SURVEY\100_0008\100_0008_0077.JPG,45,4366,0.010307,0.000000,0.005153,是
E:\SURVEY\100_0008\100_0008_0078.JPG,44,4366,0.010078,0.000000,0.005039,是
E:\SURVEY\100_0008\100_0008_0079.JPG,44,4366,0.010078,0.000000,0.005039,是
E:\SURVEY\100_0008\100_0008_0080.JPG,46,4366,0.010536,0.000000,0.005268,是
E:\SURVEY\100_0008\100_0008_0081.JPG,43,4366,0.009849,0.000000,0.004924,否
E:\SURVEY\100_0008\100_0008_0082.JPG,43,4366,0.009849,0.000000,0.004924,否
E:\SURVEY\100_0008\100_0008_0083.JPG,44,4366,0.010078,0.000000,0.005039,是
E:\SURVEY\100_0008\100_0008_0084.JPG,45,4366,0.010307,0.000000,0.005153,是
E:\SURVEY\100_0008\100_0008_0085.JPG,45,4366,0.010307,0.000229,0.005268,是
E:\SURVEY\100_0008\100_0008_0086.JPG,44,4366,0.010078,0.000000,0.005039,是
E:\SURVEY\100_0008\100_0008_0087.JPG,45,4366,0.010307,0.000687,0.005497,是
E:\SURVEY\100_0008\100_0008_0088.JPG,45,4366,0.010307,0.000687,0.005497,是
E:\SURVEY\100_0008\100_0008_0089.JPG,44,4366,0.010078,0.000000,0.005039,是
E:\SURVEY\100_0008\100_0008_0090.JPG,44,4366,0.010078,0.000000,0.005039,是
E:\SURVEY\100_0008\100_0008_0091.JPG,43,4366,0.009849,0.000000,0.004924,否
E:\SURVEY\100_0008\100_0008_0092.JPG,43,4366,0.009849,0.000000,0.004924,否
E:\SURVEY\100_0008\100_0008_0093.JPG,44,4366,0.010078,0.000000,0.005039,是
E:\SURVEY\100_0008\100_0008_0094.JPG,43,4366,0.009849,0.000000,0.004924,否
E:\SURVEY\100_0008\100_0008_0095.JPG,46,4366,0.010536,0.000000,0.005268,是
E:\SURVEY\100_0008\100_0008_0096.JPG,45,4366,0.010307,0.000000,0.005153,是
E:\SURVEY\100_0008\100_0008_0097.JPG,44,4366,0.010078,0.000000,0.005039,是
E:\SURVEY\100_0008\100_0008_0098.JPG,43,4366,0.009849,0.000000,0.004924,否
E:\SURVEY\100_0008\100_0008_0099.JPG,44,4366,0.010078,0.000000,0.005039,是
E:\SURVEY\100_0008\100_0008_0100.JPG,45,4366,0.010307,0.000000,0.005153,是
E:\SURVEY\100_0008\100_0008_0101.JPG,44,4366,0.010078,0.000000,0.005039,是
E:\SURVEY\100_0008\100_0008_0102.JPG,44,4366,0.010078,0.000000,0.005039,是
E:\SURVEY\100_0008\100_0008_0103.JPG,44,4366,0.010078,0.000000,0.005039,是
E:\SURVEY\100_0008\100_0008_0104.JPG,45,4366,0.010307,0.000000,0.005153,是
E:\SURVEY\100_0008\100_0008_0105.JPG,46,4366,0.010536,0.000229,0.005383,是
E:\SURVEY\100_0008\100_0008_0106.JPG,44,4366,0.010078,0.000000,0.005039,是
E:\SURVEY\100_0008\100_0008_0107.JPG,43,4366,0.009849,0.000000,0.004924,否
E:\SURVEY\100_0008\100_0008_0108.JPG,43,4366,0.009849,0.000000,0.004924,否
E:\SURVEY\100_0008\100_0008_0109.JPG,44,4366,0.010078,0.000000,0.005039,是
E:\SURVEY\100_0008\100_0008_0110.JPG,45,4366,0.010307,0.000000,0.005153,是
E:\SURVEY\100_0008\100_0008_0111.JPG,43,4366,0.009849,0.000000,0.004924,否
E:\SURVEY\100_0008\100_0008_0112.JPG,44,4366,0.010078,0.000000,0.005039,是
E:\SURVEY\100_0008\100_0008_0113.JPG,44,4366,0.010078,0.000000,0.005039,是
E:\SURVEY\100_0008\100_0008_0114.JPG,44,4366,0.010078,0.000000,0.005039,是
E:\SURVEY\100_0008\100_0008_0115.JPG,44,4366,0.010078,0.000000,0.005039,是
E:\SURVEY\100_0008\100_0008_0116.JPG,42,4366,0.009620,0.000000,0.004810,否
E:\SURVEY\100_0008\100_0008_0117.JPG,44,4366,0.010078,0.000000,0.005039,是
E:\SURVEY\100_0008\100_0008_0118.JPG,45,4366,0.010307,0.000000,0.005153,是
E:\SURVEY\100_0008\100_0008_0119.JPG,44,4366,0.010078,0.000000,0.005039,是
E:\SURVEY\100_0008\100_0008_0120.JPG,43,4366,0.009849,0.000000,0.004924,否
E:\SURVEY\100_0008\100_0008_0121.JPG,44,4366,0.010078,0.000000,0.005039,是
E:\SURVEY\100_0008\100_0008_0122.JPG,44,4366,0.010078,0.000000,0.005039,是
E:\SURVEY\100_0008\100_0008_0123.JPG,44,4366,0.010078,0.000000,0.005039,是
E:\SURVEY\100_0008\100_0008_0124.JPG,42,4366,0.009620,0.000000,0.004810,否
E:\SURVEY\100_0008\100_0008_0125.JPG,44,4366,0.010078,0.000229,0.005153,是
E:\SURVEY\100_0008\100_0008_0126.JPG,44,4366,0.010078,0.000000,0.005039,是
E:\SURVEY\100_0008\100_0008_0127.JPG,45,4366,0.010307,0.001603,0.005955,是
E:\SURVEY\100_0008\100_0008_0128.JPG,43,4366,0.009849,0.000000,0.004924,否
E:\SURVEY\100_0008\100_0008_0129.JPG,45,4366,0.010307,0.000000,0.005153,是
E:\SURVEY\100_0008\100_0008_0130.JPG,44,4366,0.010078,0.000000,0.005039,是
E:\SURVEY\100_0008\100_0008_0131.JPG,44,4366,0.010078,0.000000,0.005039,是
E:\SURVEY\100_0008\100_0008_0132.JPG,43,4366,0.009849,0.000000,0.004924,否
E:\SURVEY\100_0008\100_0008_0133.JPG,44,4366,0.010078,0.000000,0.005039,是
E:\SURVEY\100_0008\100_0008_0134.JPG,45,4366,0.010307,0.000000,0.005153,是
E:\SURVEY\100_0008\100_0008_0135.JPG,45,4366,0.010307,0.000000,0.005153,是
E:\SURVEY\100_0008\100_0008_0136.JPG,44,4366,0.010078,0.000000,0.005039,是
E:\SURVEY\100_0008\100_0008_0137.JPG,43,4366,0.009849,0.000000,0.004924,否
E:\SURVEY\100_0008\100_0008_0138.JPG,44,4366,0.010078,0.000000,0.005039,是
E:\SURVEY\100_0008\100_0008_0139.JPG,45,4366,0.010307,0.000000,0.005153,是
E:\SURVEY\100_0008\100_0008_0140.JPG,44,4366,0.010078,0.000000,0.005039,是
E:\SURVEY\100_0008\100_0008_0141.JPG,43,4366,0.009849,0.000000,0.004924,否
E:\SURVEY\100_0008\100_0008_0142.JPG,45,4366,0.010307,0.000000,0.005153,是
E:\SURVEY\100_0008\100_0008_0143.JPG,45,4366,0.010307,0.000000,0.005153,是
E:\SURVEY\100_0008\100_0008_0144.JPG,45,4366,0.010307,0.000000,0.005153,是
E:\SURVEY\100_0008\100_0008_0145.JPG,43,4366,0.009849,0.000000,0.004924,否
E:\SURVEY\100_0008\100_0008_0146.JPG,43,4366,0.009849,0.000000,0.004924,否
E:\SURVEY\100_0008\100_0008_0147.JPG,46,4366,0.010536,0.000000,0.005268,是
E:\SURVEY\100_0008\100_0008_0148.JPG,43,4366,0.009849,0.000000,0.004924,否
E:\SURVEY\100_0008\100_0008_0149.JPG,43,4366,0.009849,0.000000,0.004924,否
E:\SURVEY\100_0008\100_0008_0150.JPG,44,4366,0.010078,0.000000,0.005039,是
E:\SURVEY\100_0008\100_0008_0151.JPG,46,4366,0.010536,0.000000,0.005268,是
E:\SURVEY\100_0008\100_0008_0152.JPG,45,4366,0.010307,0.000000,0.005153,是
E:\SURVEY\100_0008\100_0008_0153.JPG,43,4366,0.009849,0.000000,0.004924,否
E:\SURVEY\100_0008\100_0008_0154.JPG,44,4366,0.010078,0.000000,0.005039,是
E:\SURVEY\100_0008\100_0008_0155.JPG,45,4366,0.010307,0.000000,0.005153,是
E:\SURVEY\100_0008\100_0008_0156.JPG,43,4366,0.009849,0.000000,0.004924,否
E:\SURVEY\100_0008\100_0008_0157.JPG,44,4366,0.010078,0.000000,0.005039,是
E:\SURVEY\100_0008\100_0008_0158.JPG,45,4366,0.010307,0.000916,0.005612,是
E:\SURVEY\100_0008\100_0008_0159.JPG,45,4366,0.010307,0.001145,0.005726,是
E:\SURVEY\100_0008\100_0008_0160.JPG,43,4366,0.009849,0.000458,0.005153,是
E:\SURVEY\100_0008\100_0008_0161.JPG,42,4366,0.009620,0.000000,0.004810,否
E:\SURVEY\100_0008\100_0008_0162.JPG,45,4366,0.010307,0.000000,0.005153,是
E:\SURVEY\100_0008\100_0008_0163.JPG,44,4366,0.010078,0.000000,0.005039,是
E:\SURVEY\100_0008\100_0008_0164.JPG,43,4366,0.009849,0.000000,0.004924,否
E:\SURVEY\100_0008\100_0008_0165.JPG,43,4366,0.009849,0.000000,0.004924,否
E:\SURVEY\100_0008\100_0008_0166.JPG,45,4366,0.010307,0.000000,0.005153,是
E:\SURVEY\100_0008\100_0008_0167.JPG,45,4366,0.010307,0.000000,0.005153,是
E:\SURVEY\100_0008\100_0008_0168.JPG,43,4366,0.009849,0.000000,0.004924,否
E:\SURVEY\100_0008\100_0008_0169.JPG,45,4366,0.010307,0.000000,0.005153,是
E:\SURVEY\100_0008\100_0008_0170.JPG,46,4366,0.010536,0.000000,0.005268,是
E:\SURVEY\100_0008\100_0008_0171.JPG,43,4366,0.009849,0.000000,0.004924,否
E:\SURVEY\100_0008\100_0008_0172.JPG,43,4366,0.009849,0.000000,0.004924,否
E:\SURVEY\100_0008\100_0008_0173.JPG,43,4366,0.009849,0.000000,0.004924,否
E:\SURVEY\100_0008\100_0008_0174.JPG,44,4366,0.010078,0.000000,0.005039,是
E:\SURVEY\100_0008\100_0008_0175.JPG,44,4366,0.010078,0.000000,0.005039,是
E:\SURVEY\100_0008\100_0008_0176.JPG,44,4366,0.010078,0.000000,0.005039,是
E:\SURVEY\100_0008\100_0008_0177.JPG,44,4366,0.010078,0.000000,0.005039,是
E:\SURVEY\100_0008\100_0008_0178.JPG,45,4366,0.010307,0.000000,0.005153,是
E:\SURVEY\100_0008\100_0008_0179.JPG,45,4366,0.010307,0.000000,0.005153,是
E:\SURVEY\100_0008\100_0008_0180.JPG,45,4366,0.010307,0.000000,0.005153,是
E:\SURVEY\100_0008\100_0008_0181.JPG,43,4366,0.009849,0.000000,0.004924,否
E:\SURVEY\100_0008\100_0008_0182.JPG,43,4366,0.009849,0.000000,0.004924,否
E:\SURVEY\100_0008\100_0008_0183.JPG,45,4366,0.010307,0.000000,0.005153,是
E:\SURVEY\100_0008\100_0008_0184.JPG,43,4366,0.009849,0.000000,0.004924,否
E:\SURVEY\100_0008\100_0008_0185.JPG,44,4366,0.010078,0.000000,0.005039,是
E:\SURVEY\100_0008\100_0008_0186.JPG,44,4366,0.010078,0.000000,0.005039,是
E:\SURVEY\100_0008\100_0008_0187.JPG,45,4366,0.010307,0.000000,0.005153,是
E:\SURVEY\100_0008\100_0008_0188.JPG,45,4366,0.010307,0.000000,0.005153,是
E:\SURVEY\100_0008\100_0008_0189.JPG,44,4366,0.010078,0.000000,0.005039,是
E:\SURVEY\100_0008\100_0008_0190.JPG,42,4366,0.009620,0.000000,0.004810,否
E:\SURVEY\100_0008\100_0008_0191.JPG,44,4366,0.010078,0.000000,0.005039,是
E:\SURVEY\100_0008\100_0008_0192.JPG,44,4366,0.010078,0.000000,0.005039,是
E:\SURVEY\100_0008\100_0008_0193.JPG,45,4366,0.010307,0.001603,0.005955,是
E:\SURVEY\100_0008\100_0008_0194.JPG,42,4366,0.009620,0.000000,0.004810,否
E:\SURVEY\100_0008\100_0008_0195.JPG,41,4366,0.009391,0.000000,0.004695,否
E:\SURVEY\100_0008\100_0008_0196.JPG,45,4366,0.010307,0.000229,0.005268,是
E:\SURVEY\100_0008\100_0008_0197.JPG,47,4366,0.010765,0.010765,0.010765,是
E:\SURVEY\100_0008\100_0008_0198.JPG,44,4366,0.010078,0.000000,0.005039,是
E:\SURVEY\100_0008\100_0008_0199.JPG,44,4366,0.010078,0.000000,0.005039,是
E:\SURVEY\100_0008\100_0008_0200.JPG,44,4366,0.010078,0.000000,0.005039,是
E:\SURVEY\100_0008\100_0008_0201.JPG,43,4366,0.009849,0.000000,0.004924,否
E:\SURVEY\100_0008\100_0008_0202.JPG,43,4366,0.009849,0.000000,0.004924,否
E:\SURVEY\100_0008\100_0008_0203.JPG,44,4366,0.010078,0.000000,0.005039,是
E:\SURVEY\100_0008\100_0008_0204.JPG,44,4366,0.010078,0.000000,0.005039,是
E:\SURVEY\100_0008\100_0008_0205.JPG,45,4366,0.010307,0.000000,0.005153,是
E:\SURVEY\100_0008\100_0008_0206.JPG,44,4366,0.010078,0.000000,0.005039,是
E:\SURVEY\100_0008\100_0008_0207.JPG,45,4366,0.010307,0.000000,0.005153,是
E:\SURVEY\100_0008\100_0008_0208.JPG,46,4366,0.010536,0.000000,0.005268,是
E:\SURVEY\100_0008\100_0008_0209.JPG,43,4366,0.009849,0.000000,0.004924,否
E:\SURVEY\100_0008\100_0008_0210.JPG,42,4366,0.009620,0.000000,0.004810,否
E:\SURVEY\100_0008\100_0008_0211.JPG,44,4366,0.010078,0.000000,0.005039,是
E:\SURVEY\100_0008\100_0008_0212.JPG,45,4366,0.010307,0.000000,0.005153,是
E:\SURVEY\100_0008\100_0008_0213.JPG,45,4366,0.010307,0.000000,0.005153,是
E:\SURVEY\100_0008\100_0008_0214.JPG,43,4366,0.009849,0.000000,0.004924,否
E:\SURVEY\100_0008\100_0008_0215.JPG,45,4366,0.010307,0.000000,0.005153,是
E:\SURVEY\100_0008\100_0008_0216.JPG,46,4366,0.010536,0.000000,0.005268,是
E:\SURVEY\100_0008\100_0008_0217.JPG,43,4366,0.009849,0.000000,0.004924,否
E:\SURVEY\100_0008\100_0008_0218.JPG,43,4366,0.009849,0.000000,0.004924,否
E:\SURVEY\100_0008\100_0008_0219.JPG,43,4366,0.009849,0.000000,0.004924,否
E:\SURVEY\100_0008\100_0008_0220.JPG,45,4366,0.010307,0.000000,0.005153,是
E:\SURVEY\100_0008\100_0008_0221.JPG,44,4366,0.010078,0.000000,0.005039,是
E:\SURVEY\100_0008\100_0008_0222.JPG,43,4366,0.009849,0.000000,0.004924,否
E:\SURVEY\100_0008\100_0008_0223.JPG,45,4366,0.010307,0.000000,0.005153,是
E:\SURVEY\100_0008\100_0008_0224.JPG,46,4366,0.010536,0.002290,0.006413,是
E:\SURVEY\100_0008\100_0008_0225.JPG,43,4366,0.009849,0.000000,0.004924,否
E:\SURVEY\100_0008\100_0008_0226.JPG,44,4366,0.010078,0.000000,0.005039,是
E:\SURVEY\100_0008\100_0008_0227.JPG,43,4366,0.009849,0.000000,0.004924,否
E:\SURVEY\100_0008\100_0008_0228.JPG,44,4366,0.010078,0.000000,0.005039,是
E:\SURVEY\100_0008\100_0008_0229.JPG,45,4366,0.010307,0.002290,0.006299,是
E:\SURVEY\100_0008\100_0008_0230.JPG,43,4366,0.009849,0.000000,0.004924,否
E:\SURVEY\100_0008\100_0008_0231.JPG,44,4366,0.010078,0.000000,0.005039,是
E:\SURVEY\100_0008\100_0008_0232.JPG,44,4366,0.010078,0.000000,0.005039,是
E:\SURVEY\100_0008\100_0008_0233.JPG,45,4366,0.010307,0.000000,0.005153,是
E:\SURVEY\100_0008\100_0008_0234.JPG,44,4366,0.010078,0.000000,0.005039,是
E:\SURVEY\100_0008\100_0008_0235.JPG,43,4366,0.009849,0.000000,0.004924,否
E:\SURVEY\100_0008\100_0008_0236.JPG,45,4366,0.010307,0.000000,0.005153,是
E:\SURVEY\100_0008\100_0008_0237.JPG,45,4366,0.010307,0.000000,0.005153,是
E:\SURVEY\100_0008\100_0008_0238.JPG,44,4366,0.010078,0.000000,0.005039,是
E:\SURVEY\100_0008\100_0008_0239.JPG,43,4366,0.009849,0.000000,0.004924,否
E:\SURVEY\100_0008\100_0008_0240.JPG,43,4366,0.009849,0.000000,0.004924,否
E:\SURVEY\100_0008\100_0008_0241.JPG,46,4366,0.010536,0.000000,0.005268,是
E:\SURVEY\100_0008\100_0008_0242.JPG,44,4366,0.010078,0.000000,0.005039,是
E:\SURVEY\100_0008\100_0008_0243.JPG,44,4366,0.010078,0.000000,0.005039,是
E:\SURVEY\100_0008\100_0008_0244.JPG,44,4366,0.010078,0.000000,0.005039,是
E:\SURVEY\100_0008\100_0008_0245.JPG,46,4366,0.010536,0.000916,0.005726,是
E:\SURVEY\100_0008\100_0008_0246.JPG,44,4366,0.010078,0.000000,0.005039,是
E:\SURVEY\100_0008\100_0008_0247.JPG,44,4366,0.010078,0.000000,0.005039,是
E:\SURVEY\100_0008\100_0008_0248.JPG,42,4366,0.009620,0.000000,0.004810,否
E:\SURVEY\100_0008\100_0008_0249.JPG,45,4366,0.010307,0.000000,0.005153,是
E:\SURVEY\100_0008\100_0008_0250.JPG,44,4366,0.010078,0.000000,0.005039,是
E:\SURVEY\100_0008\100_0008_0251.JPG,45,4366,0.010307,0.000000,0.005153,是
E:\SURVEY\100_0008\100_0008_0252.JPG,43,4366,0.009849,0.000000,0.004924,否
E:\SURVEY\100_0008\100_0008_0253.JPG,45,4366,0.010307,0.000000,0.005153,是
E:\SURVEY\100_0008\100_0008_0254.JPG,45,4366,0.010307,0.000000,0.005153,是
E:\SURVEY\100_0008\100_0008_0255.JPG,44,4366,0.010078,0.000000,0.005039,是
E:\SURVEY\100_0008\100_0008_0256.JPG,43,4366,0.009849,0.000000,0.004924,否
E:\SURVEY\100_0008\100_0008_0257.JPG,43,4366,0.009849,0.000000,0.004924,否
E:\SURVEY\100_0008\100_0008_0258.JPG,44,4366,0.010078,0.000000,0.005039,是
E:\SURVEY\100_0008\100_0008_0259.JPG,44,4366,0.010078,0.000000,0.005039,是
E:\SURVEY\100_0008\100_0008_0260.JPG,44,4366,0.010078,0.000000,0.005039,是
E:\SURVEY\100_0008\100_0008_0261.JPG,45,4366,0.010307,0.000000,0.005153,是
E:\SURVEY\100_0008\100_0008_0262.JPG,44,4366,0.010078,0.000000,0.005039,是
E:\SURVEY\100_0008\100_0008_0263.JPG,45,4366,0.010307,0.001603,0.005955,是
E:\SURVEY\100_0008\100_0008_0264.JPG,44,4366,0.010078,0.000000,0.005039,是
E:\SURVEY\100_0008\100_0008_0265.JPG,44,4366,0.010078,0.000000,0.005039,是
E:\SURVEY\100_0008\100_0008_0266.JPG,46,4366,0.010536,0.000916,0.005726,是
E:\SURVEY\100_0008\100_0008_0267.JPG,43,4366,0.009849,0.000000,0.004924,否
E:\SURVEY\100_0008\100_0008_0268.JPG,45,4366,0.010307,0.000000,0.005153,是
E:\SURVEY\100_0008\100_0008_0269.JPG,43,4366,0.009849,0.000000,0.004924,否
E:\SURVEY\100_0008\100_0008_0270.JPG,44,4366,0.010078,0.000000,0.005039,是
E:\SURVEY\100_0008\100_0008_0271.JPG,45,4366,0.010307,0.000000,0.005153,是
E:\SURVEY\100_0008\100_0008_0272.JPG,44,4366,0.010078,0.000000,0.005039,是
E:\SURVEY\100_0008\100_0008_0273.JPG,44,4366,0.010078,0.000000,0.005039,是
E:\SURVEY\100_0008\100_0008_0274.JPG,43,4366,0.009849,0.000000,0.004924,否
E:\SURVEY\100_0008\100_0008_0275.JPG,44,4366,0.010078,0.000000,0.005039,是
E:\SURVEY\100_0008\100_0008_0276.JPG,44,4366,0.010078,0.000000,0.005039,是
E:\SURVEY\100_0008\100_0008_0277.JPG,44,4366,0.010078,0.000000,0.005039,是
E:\SURVEY\100_0008\100_0008_0278.JPG,44,4366,0.010078,0.000000,0.005039,是
E:\SURVEY\100_0008\100_0008_0279.JPG,45,4366,0.010307,0.000000,0.005153,是
E:\SURVEY\100_0008\100_0008_0280.JPG,43,4366,0.009849,0.000000,0.004924,否
E:\SURVEY\100_0008\100_0008_0281.JPG,43,4366,0.009849,0.000000,0.004924,否
E:\SURVEY\100_0008\100_0008_0282.JPG,44,4366,0.010078,0.000000,0.005039,是
E:\SURVEY\100_0008\100_0008_0283.JPG,45,4366,0.010307,0.000000,0.005153,是
E:\SURVEY\100_0008\100_0008_0284.JPG,44,4366,0.010078,0.000000,0.005039,是
E:\SURVEY\100_0008\100_0008_0285.JPG,43,4366,0.009849,0.000000,0.004924,否
E:\SURVEY\100_0008\100_0008_0286.JPG,45,4366,0.010307,0.000000,0.005153,是
E:\SURVEY\100_0008\100_0008_0287.JPG,45,4366,0.010307,0.000000,0.005153,是
E:\SURVEY\100_0008\100_0008_0288.JPG,43,4366,0.009849,0.000000,0.004924,否
E:\SURVEY\100_0008\100_0008_0289.JPG,43,4366,0.009849,0.000000,0.004924,否
E:\SURVEY\100_0008\100_0008_0290.JPG,43,4366,0.009849,0.000000,0.004924,否
E:\SURVEY\100_0008\100_0008_0291.JPG,46,4366,0.010536,0.002749,0.006642,是
E:\SURVEY\100_0008\100_0008_0292.JPG,43,4366,0.009849,0.000000,0.004924,否
E:\SURVEY\100_0008\100_0008_0293.JPG,43,4366,0.009849,0.000000,0.004924,否
E:\SURVEY\100_0008\100_0008_0294.JPG,45,4366,0.010307,0.001374,0.005841,是
E:\SURVEY\100_0008\100_0008_0295.JPG,45,4366,0.010307,0.000687,0.005497,是
E:\SURVEY\100_0008\100_0008_0296.JPG,44,4366,0.010078,0.000000,0.005039,是
E:\SURVEY\100_0008\100_0008_0297.JPG,44,4366,0.010078,0.000000,0.005039,是
E:\SURVEY\100_0008\100_0008_0298.JPG,43,4366,0.009849,0.000000,0.004924,否
E:\SURVEY\100_0008\100_0008_0299.JPG,45,4366,0.010307,0.001603,0.005955,是
E:\SURVEY\100_0008\100_0008_0300.JPG,44,4366,0.010078,0.000000,0.005039,是
E:\SURVEY\100_0008\100_0008_0301.JPG,44,4366,0.010078,0.000000,0.005039,是
E:\SURVEY\100_0008\100_0008_0302.JPG,44,4366,0.010078,0.000000,0.005039,是
E:\SURVEY\100_0008\100_0008_0303.JPG,44,4366,0.010078,0.000000,0.005039,是
E:\SURVEY\100_0008\100_0008_0304.JPG,44,4366,0.010078,0.000000,0.005039,是
E:\SURVEY\100_0008\100_0008_0305.JPG,44,4366,0.010078,0.000000,0.005039,是
E:\SURVEY\100_0008\100_0008_0306.JPG,44,4366,0.010078,0.000000,0.005039,是
E:\SURVEY\100_0008\100_0008_0307.JPG,43,4366,0.009849,0.000000,0.004924,否
E:\SURVEY\100_0008\100_0008_0308.JPG,44,4366,0.010078,0.000000,0.005039,是
E:\SURVEY\100_0008\100_0008_0309.JPG,45,4366,0.010307,0.000000,0.005153,是
E:\SURVEY\100_0008\100_0008_0310.JPG,44,4366,0.010078,0.000000,0.005039,是
E:\SURVEY\100_0008\100_0008_0311.JPG,43,4366,0.009849,0.000000,0.004924,否
E:\SURVEY\100_0008\100_0008_0312.JPG,44,4366,0.010078,0.000000,0.005039,是
E:\SURVEY\100_0008\100_0008_0313.JPG,44,4366,0.010078,0.000000,0.005039,是
E:\SURVEY\100_0008\100_0008_0314.JPG,44,4366,0.010078,0.000000,0.005039,是
E:\SURVEY\100_0008\100_0008_0315.JPG,42,4366,0.009620,0.000000,0.004810,否
E:\SURVEY\100_0008\100_0008_0316.JPG,43,4366,0.009849,0.000000,0.004924,否
E:\SURVEY\100_0008\100_0008_0317.JPG,44,4366,0.010078,0.000000,0.005039,是
E:\SURVEY\100_0008\100_0008_0318.JPG,45,4366,0.010307,0.000000,0.005153,是
E:\SURVEY\100_0008\100_0008_0319.JPG,44,4366,0.010078,0.000000,0.005039,是
E:\SURVEY\100_0008\100_0008_0320.JPG,43,4366,0.009849,0.000000,0.004924,否
E:\SURVEY\100_0008\100_0008_0321.JPG,43,4366,0.009849,0.000000,0.004924,否
E:\SURVEY\100_0008\100_0008_0322.JPG,45,4366,0.010307,0.000000,0.005153,是
E:\SURVEY\100_0008\100_0008_0323.JPG,44,4366,0.010078,0.000000,0.005039,是
E:\SURVEY\100_0008\100_0008_0324.JPG,44,4366,0.010078,0.000000,0.005039,是
E:\SURVEY\100_0008\100_0008_0325.JPG,43,4366,0.009849,0.000000,0.004924,否
E:\SURVEY\100_0008\100_0008_0326.JPG,45,4366,0.010307,0.000000,0.005153,是
E:\SURVEY\100_0008\100_0008_0327.JPG,45,4366,0.010307,0.000000,0.005153,是
E:\SURVEY\100_0008\100_0008_0328.JPG,44,4366,0.010078,0.000000,0.005039,是
E:\SURVEY\100_0008\100_0008_0329.JPG,43,4366,0.009849,0.000000,0.004924,否
E:\SURVEY\100_0008\100_0008_0330.JPG,43,4366,0.009849,0.000000,0.004924,否
E:\SURVEY\100_0008\100_0008_0331.JPG,45,4366,0.010307,0.000229,0.005268,是
E:\SURVEY\100_0008\100_0008_0332.JPG,44,4366,0.010078,0.000229,0.005153,是
E:\SURVEY\100_0008\100_0008_0333.JPG,46,4366,0.010536,0.006871,0.008704,是
E:\SURVEY\100_0008\100_0008_0334.JPG,44,4366,0.010078,0.000687,0.005383,是
E:\SURVEY\100_0008\100_0008_0335.JPG,47,4366,0.010765,0.007329,0.009047,是
E:\SURVEY\100_0008\100_0008_0336.JPG,44,4366,0.010078,0.000000,0.005039,是
E:\SURVEY\100_0008\100_0008_0337.JPG,45,4366,0.010307,0.000000,0.005153,是
E:\SURVEY\100_0008\100_0008_0338.JPG,43,4366,0.009849,0.000000,0.004924,否
E:\SURVEY\100_0008\100_0008_0339.JPG,43,4366,0.009849,0.000000,0.004924,否
E:\SURVEY\100_0008\100_0008_0340.JPG,45,4366,0.010307,0.000000,0.005153,是
E:\SURVEY\100_0008\100_0008_0341.JPG,45,4366,0.010307,0.000000,0.005153,是
E:\SURVEY\100_0008\100_0008_0342.JPG,43,4366,0.009849,0.000000,0.004924,否
E:\SURVEY\100_0008\100_0008_0343.JPG,43,4366,0.009849,0.000000,0.004924,否
E:\SURVEY\100_0008\100_0008_0344.JPG,44,4366,0.010078,0.000000,0.005039,是
E:\SURVEY\100_0008\100_0008_0345.JPG,44,4366,0.010078,0.000000,0.005039,是
E:\SURVEY\100_0008\100_0008_0346.JPG,43,4366,0.009849,0.000000,0.004924,否
E:\SURVEY\100_0008\100_0008_0347.JPG,43,4366,0.009849,0.000000,0.004924,否
E:\SURVEY\100_0008\100_0008_0348.JPG,45,4366,0.010307,0.000000,0.005153,是
E:\SURVEY\100_0008\100_0008_0349.JPG,44,4366,0.010078,0.000000,0.005039,是
E:\SURVEY\100_0008\100_0008_0350.JPG,44,4366,0.010078,0.000000,0.005039,是
E:\SURVEY\100_0008\100_0008_0351.JPG,43,4366,0.009849,0.000000,0.004924,否
E:\SURVEY\100_0008\100_0008_0352.JPG,44,4366,0.010078,0.000000,0.005039,是
E:\SURVEY\100_0008\100_0008_0353.JPG,44,4366,0.010078,0.000000,0.005039,是
E:\SURVEY\100_0008\100_0008_0354.JPG,43,4366,0.009849,0.000000,0.004924,否
E:\SURVEY\100_0008\100_0008_0355.JPG,44,4366,0.010078,0.000000,0.005039,是
E:\SURVEY\100_0008\100_0008_0356.JPG,44,4366,0.010078,0.000000,0.005039,是
E:\SURVEY\100_0008\100_0008_0357.JPG,44,4366,0.010078,0.000000,0.005039,是
E:\SURVEY\100_0008\100_0008_0358.JPG,45,4366,0.010307,0.000000,0.005153,是
E:\SURVEY\100_0008\100_0008_0359.JPG,45,4366,0.010307,0.000000,0.005153,是
E:\SURVEY\100_0008\100_0008_0360.JPG,44,4366,0.010078,0.000000,0.005039,是
E:\SURVEY\100_0008\100_0008_0361.JPG,43,4366,0.009849,0.000000,0.004924,否
E:\SURVEY\100_0008\100_0008_0362.JPG,44,4366,0.010078,0.000000,0.005039,是
E:\SURVEY\100_0008\100_0008_0363.JPG,45,4366,0.010307,0.000000,0.005153,是
E:\SURVEY\100_0008\100_0008_0364.JPG,44,4366,0.010078,0.000000,0.005039,是
E:\SURVEY\100_0008\100_0008_0365.JPG,43,4366,0.009849,0.000000,0.004924,否
E:\SURVEY\100_0008\100_0008_0366.JPG,45,4366,0.010307,0.001832,0.006070,是
E:\SURVEY\100_0008\100_0008_0367.JPG,45,4366,0.010307,0.002061,0.006184,是
E:\SURVEY\100_0008\100_0008_0368.JPG,44,4366,0.010078,0.000458,0.005268,是
E:\SURVEY\100_0008\100_0008_0369.JPG,42,4366,0.009620,0.000000,0.004810,否
E:\SURVEY\100_0008\100_0008_0370.JPG,46,4366,0.010536,0.000916,0.005726,是
E:\SURVEY\100_0008\100_0008_0371.JPG,43,4366,0.009849,0.000000,0.004924,否
E:\SURVEY\100_0008\100_0008_0372.JPG,43,4366,0.009849,0.000000,0.004924,否
E:\SURVEY\100_0008\100_0008_0373.JPG,46,4366,0.010536,0.000000,0.005268,是
E:\SURVEY\100_0008\100_0008_0374.JPG,44,4366,0.010078,0.000000,0.005039,是
E:\SURVEY\100_0008\100_0008_0375.JPG,44,4366,0.010078,0.000000,0.005039,是
E:\SURVEY\100_0008\100_0008_0376.JPG,44,4366,0.010078,0.000000,0.005039,是
E:\SURVEY\100_0008\100_0008_0377.JPG,46,4366,0.010536,0.002290,0.006413,是
E:\SURVEY\100_0008\100_0008_0378.JPG,44,4366,0.010078,0.000000,0.005039,是
E:\SURVEY\100_0008\100_0008_0379.JPG,44,4366,0.010078,0.000000,0.005039,是
E:\SURVEY\100_0009\100_0009_0001.JPG,41,4366,0.009391,0.000000,0.004695,否
E:\SURVEY\100_0009\100_0009_0002.JPG,41,4366,0.009391,0.000000,0.004695,否
E:\SURVEY\100_0009\100_0009_0003.JPG,40,4366,0.009162,0.000000,0.004581,否
E:\SURVEY\100_0009\100_0009_0004.JPG,43,4366,0.009849,0.000000,0.004924,否
E:\SURVEY\100_0009\100_0009_0005.JPG,42,4366,0.009620,0.000000,0.004810,否
E:\SURVEY\100_0009\100_0009_0006.JPG,42,4366,0.009620,0.000000,0.004810,否
E:\SURVEY\100_0009\100_0009_0007.JPG,43,4366,0.009849,0.000000,0.004924,否
E:\SURVEY\100_0009\100_0009_0008.JPG,42,4366,0.009620,0.000000,0.004810,否
E:\SURVEY\100_0009\100_0009_0009.JPG,40,4366,0.009162,0.000000,0.004581,否
E:\SURVEY\100_0009\100_0009_0010.JPG,42,4366,0.009620,0.000000,0.004810,否
E:\SURVEY\100_0009\100_0009_0011.JPG,42,4366,0.009620,0.000000,0.004810,否
E:\SURVEY\100_0009\100_0009_0012.JPG,42,4366,0.009620,0.000000,0.004810,否
E:\SURVEY\100_0009\100_0009_0013.JPG,42,4366,0.009620,0.000000,0.004810,否
E:\SURVEY\100_0009\100_0009_0014.JPG,42,4366,0.009620,0.000000,0.004810,否
E:\SURVEY\100_0009\100_0009_0015.JPG,40,4366,0.009162,0.000000,0.004581,否
E:\SURVEY\100_0009\100_0009_0016.JPG,42,4366,0.009620,0.000000,0.004810,否
E:\SURVEY\100_0009\100_0009_0017.JPG,41,4366,0.009391,0.000000,0.004695,否
E:\SURVEY\100_0009\100_0009_0018.JPG,42,4366,0.009620,0.000000,0.004810,否
E:\SURVEY\100_0009\100_0009_0019.JPG,41,4366,0.009391,0.000000,0.004695,否
E:\SURVEY\100_0009\100_0009_0020.JPG,41,4366,0.009391,0.000000,0.004695,否
E:\SURVEY\100_0009\100_0009_0021.JPG,43,4366,0.009849,0.000229,0.005039,是
E:\SURVEY\100_0009\100_0009_0022.JPG,43,4366,0.009849,0.000000,0.004924,否
E:\SURVEY\100_0009\100_0009_0023.JPG,43,4366,0.009849,0.001374,0.005612,是
E:\SURVEY\100_0009\100_0009_0024.JPG,42,4366,0.009620,0.000229,0.004924,否
E:\SURVEY\100_0009\100_0009_0025.JPG,42,4366,0.009620,0.000000,0.004810,否
E:\SURVEY\100_0009\100_0009_0026.JPG,43,4366,0.009849,0.000000,0.004924,否
E:\SURVEY\100_0009\100_0009_0027.JPG,41,4366,0.009391,0.000000,0.004695,否
E:\SURVEY\100_0009\100_0009_0028.JPG,42,4366,0.009620,0.000000,0.004810,否
E:\SURVEY\100_0009\100_0009_0029.JPG,42,4366,0.009620,0.000000,0.004810,否
E:\SURVEY\100_0009\100_0009_0030.JPG,41,4366,0.009391,0.000000,0.004695,否
E:\SURVEY\100_0009\100_0009_0031.JPG,41,4366,0.009391,0.000000,0.004695,否
E:\SURVEY\100_0009\100_0009_0032.JPG,43,4366,0.009849,0.000000,0.004924,否
E:\SURVEY\100_0009\100_0009_0033.JPG,42,4366,0.009620,0.000000,0.004810,否
E:\SURVEY\100_0009\100_0009_0034.JPG,42,4366,0.009620,0.000000,0.004810,否
E:\SURVEY\100_0009\100_0009_0035.JPG,42,4366,0.009620,0.000000,0.004810,否
E:\SURVEY\100_0009\100_0009_0036.JPG,43,4366,0.009849,0.000000,0.004924,否
E:\SURVEY\100_0009\100_0009_0037.JPG,42,4366,0.009620,0.000000,0.004810,否
E:\SURVEY\100_0009\100_0009_0038.JPG,41,4366,0.009391,0.000000,0.004695,否
E:\SURVEY\100_0009\100_0009_0039.JPG,41,4366,0.009391,0.000000,0.004695,否
E:\SURVEY\100_0009\100_0009_0040.JPG,43,4366,0.009849,0.000000,0.004924,否
E:\SURVEY\100_0009\100_0009_0041.JPG,40,4366,0.009162,0.000000,0.004581,否
E:\SURVEY\100_0009\100_0009_0042.JPG,42,4366,0.009620,0.000000,0.004810,否
E:\SURVEY\100_0009\100_0009_0043.JPG,43,4366,0.009849,0.000000,0.004924,否
E:\SURVEY\100_0009\100_0009_0044.JPG,44,4366,0.010078,0.000000,0.005039,是
E:\SURVEY\100_0009\100_0009_0045.JPG,40,4366,0.009162,0.000000,0.004581,否
E:\SURVEY\100_0009\100_0009_0046.JPG,41,4366,0.009391,0.000000,0.004695,否
E:\SURVEY\100_0009\100_0009_0047.JPG,42,4366,0.009620,0.000000,0.004810,否
E:\SURVEY\100_0009\100_0009_0048.JPG,43,4366,0.009849,0.000000,0.004924,否
E:\SURVEY\100_0009\100_0009_0049.JPG,41,4366,0.009391,0.000000,0.004695,否
E:\SURVEY\100_0009\100_0009_0050.JPG,41,4366,0.009391,0.000000,0.004695,否
E:\SURVEY\100_0009\100_0009_0051.JPG,43,4366,0.009849,0.000000,0.004924,否
E:\SURVEY\100_0009\100_0009_0052.JPG,44,4366,0.010078,0.000000,0.005039,是
E:\SURVEY\100_0009\100_0009_0053.JPG,40,4366,0.009162,0.000000,0.004581,否
E:\SURVEY\100_0009\100_0009_0054.JPG,41,4366,0.009391,0.000000,0.004695,否
E:\SURVEY\100_0009\100_0009_0055.JPG,42,4366,0.009620,0.000000,0.004810,否
E:\SURVEY\100_0009\100_0009_0056.JPG,41,4366,0.009391,0.000000,0.004695,否
E:\SURVEY\100_0009\100_0009_0057.JPG,42,4366,0.009620,0.000000,0.004810,否
E:\SURVEY\100_0009\100_0009_0058.JPG,41,4366,0.009391,0.000000,0.004695,否
E:\SURVEY\100_0009\100_0009_0059.JPG,40,4366,0.009162,0.000000,0.004581,否
E:\SURVEY\100_0009\100_0009_0060.JPG,42,4366,0.009620,0.000000,0.004810,否
E:\SURVEY\100_0009\100_0009_0061.JPG,43,4366,0.009849,0.000000,0.004924,否
E:\SURVEY\100_0009\100_0009_0062.JPG,41,4366,0.009391,0.000000,0.004695,否
E:\SURVEY\100_0009\100_0009_0063.JPG,41,4366,0.009391,0.000000,0.004695,否
E:\SURVEY\100_0009\100_0009_0064.JPG,42,4366,0.009620,0.000000,0.004810,否
E:\SURVEY\100_0009\100_0009_0065.JPG,42,4366,0.009620,0.000000,0.004810,否
E:\SURVEY\100_0009\100_0009_0066.JPG,41,4366,0.009391,0.000000,0.004695,否
E:\SURVEY\100_0009\100_0009_0067.JPG,42,4366,0.009620,0.000000,0.004810,否
E:\SURVEY\100_0009\100_0009_0068.JPG,41,4366,0.009391,0.000000,0.004695,否
E:\SURVEY\100_0009\100_0009_0069.JPG,44,4366,0.010078,0.000000,0.005039,是
E:\SURVEY\100_0009\100_0009_0070.JPG,42,4366,0.009620,0.000000,0.004810,否
E:\SURVEY\100_0009\100_0009_0071.JPG,42,4366,0.009620,0.000000,0.004810,否
E:\SURVEY\100_0009\100_0009_0072.JPG,41,4366,0.009391,0.000000,0.004695,否
E:\SURVEY\100_0009\100_0009_0073.JPG,43,4366,0.009849,0.000000,0.004924,否
E:\SURVEY\100_0009\100_0009_0074.JPG,41,4366,0.009391,0.000000,0.004695,否
E:\SURVEY\100_0009\100_0009_0075.JPG,42,4366,0.009620,0.000000,0.004810,否
E:\SURVEY\100_0009\100_0009_0076.JPG,41,4366,0.009391,0.000000,0.004695,否
E:\SURVEY\100_0009\100_0009_0077.JPG,43,4366,0.009849,0.000000,0.004924,否
E:\SURVEY\100_0009\100_0009_0078.JPG,42,4366,0.009620,0.000000,0.004810,否
E:\SURVEY\100_0009\100_0009_0079.JPG,43,4366,0.009849,0.000000,0.004924,否
E:\SURVEY\100_0009\100_0009_0080.JPG,41,4366,0.009391,0.000000,0.004695,否
E:\SURVEY\100_0009\100_0009_0081.JPG,42,4366,0.009620,0.000000,0.004810,否
E:\SURVEY\100_0009\100_0009_0082.JPG,42,4366,0.009620,0.000000,0.004810,否
E:\SURVEY\100_0009\100_0009_0083.JPG,42,4366,0.009620,0.000000,0.004810,否
E:\SURVEY\100_0009\100_0009_0084.JPG,42,4366,0.009620,0.000000,0.004810,否
E:\SURVEY\100_0009\100_0009_0085.JPG,42,4366,0.009620,0.000000,0.004810,否
E:\SURVEY\100_0009\100_0009_0086.JPG,42,4366,0.009620,0.000000,0.004810,否
E:\SURVEY\100_0009\100_0009_0087.JPG,43,4366,0.009849,0.000000,0.004924,否
E:\SURVEY\100_0009\100_0009_0088.JPG,42,4366,0.009620,0.000000,0.004810,否
E:\SURVEY\100_0009\100_0009_0089.JPG,42,4366,0.009620,0.000229,0.004924,否
E:\SURVEY\100_0009\100_0009_0090.JPG,41,4366,0.009391,0.000000,0.004695,否
E:\SURVEY\100_0009\100_0009_0091.JPG,41,4366,0.009391,0.000458,0.004924,否
E:\SURVEY\100_0009\100_0009_0092.JPG,42,4366,0.009620,0.000687,0.005153,是
E:\SURVEY\100_0009\100_0009_0093.JPG,42,4366,0.009620,0.000229,0.004924,否
E:\SURVEY\100_0009\100_0009_0094.JPG,41,4366,0.009391,0.000000,0.004695,否
E:\SURVEY\100_0009\100_0009_0095.JPG,42,4366,0.009620,0.000000,0.004810,否
E:\SURVEY\100_0009\100_0009_0096.JPG,43,4366,0.009849,0.000000,0.004924,否
E:\SURVEY\100_0009\100_0009_0097.JPG,42,4366,0.009620,0.000000,0.004810,否
E:\SURVEY\100_0009\100_0009_0098.JPG,41,4366,0.009391,0.000000,0.004695,否
E:\SURVEY\100_0009\100_0009_0099.JPG,43,4366,0.009849,0.000000,0.004924,否
E:\SURVEY\100_0009\100_0009_0100.JPG,42,4366,0.009620,0.000000,0.004810,否
E:\SURVEY\100_0009\100_0009_0101.JPG,42,4366,0.009620,0.000000,0.004810,否
E:\SURVEY\100_0009\100_0009_0102.JPG,41,4366,0.009391,0.000000,0.004695,否
E:\SURVEY\100_0009\100_0009_0103.JPG,42,4366,0.009620,0.000000,0.004810,否
E:\SURVEY\100_0009\100_0009_0104.JPG,44,4366,0.010078,0.000000,0.005039,是
E:\SURVEY\100_0009\100_0009_0105.JPG,41,4366,0.009391,0.000000,0.004695,否
E:\SURVEY\100_0009\100_0009_0106.JPG,41,4366,0.009391,0.000000,0.004695,否
E:\SURVEY\100_0009\100_0009_0107.JPG,43,4366,0.009849,0.000000,0.004924,否
E:\SURVEY\100_0009\100_0009_0108.JPG,43,4366,0.009849,0.000000,0.004924,否
E:\SURVEY\100_0009\100_0009_0109.JPG,42,4366,0.009620,0.000000,0.004810,否
E:\SURVEY\100_0009\100_0009_0110.JPG,40,4366,0.009162,0.000000,0.004581,否
E:\SURVEY\100_0009\100_0009_0111.JPG,41,4366,0.009391,0.000000,0.004695,否
E:\SURVEY\100_0009\100_0009_0112.JPG,43,4366,0.009849,0.000000,0.004924,否
E:\SURVEY\100_0009\100_0009_0113.JPG,41,4366,0.009391,0.000000,0.004695,否
E:\SURVEY\100_0009\100_0009_0114.JPG,42,4366,0.009620,0.000000,0.004810,否
E:\SURVEY\100_0009\100_0009_0115.JPG,40,4366,0.009162,0.000000,0.004581,否
E:\SURVEY\100_0009\100_0009_0116.JPG,42,4366,0.009620,0.000000,0.004810,否
E:\SURVEY\100_0009\100_0009_0117.JPG,41,4366,0.009391,0.000000,0.004695,否
E:\SURVEY\100_0009\100_0009_0118.JPG,41,4366,0.009391,0.000000,0.004695,否
E:\SURVEY\100_0009\100_0009_0119.JPG,42,4366,0.009620,0.000000,0.004810,否
E:\SURVEY\100_0009\100_0009_0120.JPG,42,4366,0.009620,0.000000,0.004810,否
E:\SURVEY\100_0009\100_0009_0121.JPG,42,4366,0.009620,0.000000,0.004810,否
E:\SURVEY\100_0009\100_0009_0122.JPG,43,4366,0.009849,0.000229,0.005039,是
E:\SURVEY\100_0009\100_0009_0123.JPG,42,4366,0.009620,0.000229,0.004924,否
E:\SURVEY\100_0009\100_0009_0124.JPG,42,4366,0.009620,0.000000,0.004810,否
E:\SURVEY\100_0009\100_0009_0125.JPG,43,4366,0.009849,0.001832,0.005841,是
E:\SURVEY\100_0009\100_0009_0126.JPG,41,4366,0.009391,0.000000,0.004695,否
E:\SURVEY\100_0009\100_0009_0127.JPG,44,4366,0.010078,0.002978,0.006528,是
E:\SURVEY\100_0009\100_0009_0128.JPG,42,4366,0.009620,0.000000,0.004810,否
E:\SURVEY\100_0009\100_0009_0129.JPG,41,4366,0.009391,0.000000,0.004695,否
E:\SURVEY\100_0009\100_0009_0130.JPG,41,4366,0.009391,0.000000,0.004695,否
E:\SURVEY\100_0009\100_0009_0131.JPG,42,4366,0.009620,0.000000,0.004810,否
E:\SURVEY\100_0009\100_0009_0132.JPG,42,4366,0.009620,0.000000,0.004810,否
E:\SURVEY\100_0009\100_0009_0133.JPG,42,4366,0.009620,0.000000,0.004810,否
E:\SURVEY\100_0009\100_0009_0134.JPG,42,4366,0.009620,0.000000,0.004810,否
E:\SURVEY\100_0009\100_0009_0135.JPG,42,4366,0.009620,0.000000,0.004810,否
E:\SURVEY\100_0009\100_0009_0136.JPG,43,4366,0.009849,0.000000,0.004924,否
E:\SURVEY\100_0009\100_0009_0137.JPG,42,4366,0.009620,0.000000,0.004810,否
E:\SURVEY\100_0009\100_0009_0138.JPG,42,4366,0.009620,0.000000,0.004810,否
E:\SURVEY\100_0009\100_0009_0139.JPG,41,4366,0.009391,0.000000,0.004695,否
E:\SURVEY\100_0009\100_0009_0140.JPG,41,4366,0.009391,0.000000,0.004695,否
E:\SURVEY\100_0009\100_0009_0141.JPG,42,4366,0.009620,0.000000,0.004810,否
E:\SURVEY\100_0009\100_0009_0142.JPG,41,4366,0.009391,0.000000,0.004695,否
E:\SURVEY\100_0009\100_0009_0143.JPG,42,4366,0.009620,0.000000,0.004810,否
E:\SURVEY\100_0009\100_0009_0144.JPG,43,4366,0.009849,0.000000,0.004924,否
E:\SURVEY\100_0009\100_0009_0145.JPG,42,4366,0.009620,0.000000,0.004810,否
E:\SURVEY\100_0009\100_0009_0146.JPG,41,4366,0.009391,0.000000,0.004695,否
E:\SURVEY\100_0009\100_0009_0147.JPG,41,4366,0.009391,0.000000,0.004695,否
E:\SURVEY\100_0009\100_0009_0148.JPG,41,4366,0.009391,0.000000,0.004695,否
E:\SURVEY\100_0009\100_0009_0149.JPG,42,4366,0.009620,0.000000,0.004810,否
E:\SURVEY\100_0009\100_0009_0150.JPG,41,4366,0.009391,0.000000,0.004695,否
E:\SURVEY\100_0009\100_0009_0151.JPG,42,4366,0.009620,0.000000,0.004810,否
E:\SURVEY\100_0009\100_0009_0152.JPG,42,4366,0.009620,0.000000,0.004810,否
E:\SURVEY\100_0009\100_0009_0153.JPG,44,4366,0.010078,0.000000,0.005039,是
E:\SURVEY\100_0009\100_0009_0154.JPG,42,4366,0.009620,0.000000,0.004810,否
E:\SURVEY\100_0009\100_0009_0155.JPG,41,4366,0.009391,0.000000,0.004695,否
E:\SURVEY\100_0009\100_0009_0156.JPG,41,4366,0.009391,0.000000,0.004695,否
E:\SURVEY\100_0009\100_0009_0157.JPG,42,4366,0.009620,0.000229,0.004924,否
E:\SURVEY\100_0009\100_0009_0158.JPG,42,4366,0.009620,0.000687,0.005153,是
E:\SURVEY\100_0009\100_0009_0159.JPG,41,4366,0.009391,0.000229,0.004810,是
E:\SURVEY\100_0009\100_0009_0160.JPG,42,4366,0.009620,0.001145,0.005383,是
E:\SURVEY\100_0009\100_0009_0161.JPG,41,4366,0.009391,0.000229,0.004810,是
E:\SURVEY\100_0009\100_0009_0162.JPG,43,4366,0.009849,0.000000,0.004924,否
E:\SURVEY\100_0009\100_0009_0163.JPG,41,4366,0.009391,0.000000,0.004695,否
E:\SURVEY\100_0009\100_0009_0164.JPG,42,4366,0.009620,0.000000,0.004810,否
E:\SURVEY\100_0009\100_0009_0165.JPG,42,4366,0.009620,0.000000,0.004810,否
E:\SURVEY\100_0009\100_0009_0166.JPG,42,4366,0.009620,0.000000,0.004810,否
E:\SURVEY\100_0009\100_0009_0167.JPG,42,4366,0.009620,0.000000,0.004810,否
E:\SURVEY\100_0009\100_0009_0168.JPG,42,4366,0.009620,0.000000,0.004810,否
E:\SURVEY\100_0009\100_0009_0169.JPG,42,4366,0.009620,0.000000,0.004810,否
E:\SURVEY\100_0009\100_0009_0170.JPG,43,4366,0.009849,0.000000,0.004924,否
E:\SURVEY\100_0009\100_0009_0171.JPG,42,4366,0.009620,0.000000,0.004810,否
E:\SURVEY\100_0009\100_0009_0172.JPG,42,4366,0.009620,0.000000,0.004810,否
E:\SURVEY\100_0009\100_0009_0173.JPG,41,4366,0.009391,0.000000,0.004695,否
E:\SURVEY\100_0009\100_0009_0174.JPG,43,4366,0.009849,0.000000,0.004924,否
E:\SURVEY\100_0009\100_0009_0175.JPG,43,4366,0.009849,0.000000,0.004924,否
E:\SURVEY\100_0009\100_0009_0176.JPG,40,4366,0.009162,0.000000,0.004581,否
E:\SURVEY\100_0009\100_0009_0177.JPG,42,4366,0.009620,0.000000,0.004810,否
E:\SURVEY\100_0009\100_0009_0178.JPG,43,4366,0.009849,0.000000,0.004924,否
E:\SURVEY\100_0009\100_0009_0179.JPG,42,4366,0.009620,0.000000,0.004810,否
E:\SURVEY\100_0009\100_0009_0180.JPG,41,4366,0.009391,0.000000,0.004695,否
E:\SURVEY\100_0009\100_0009_0181.JPG,41,4366,0.009391,0.000000,0.004695,否
E:\SURVEY\100_0009\100_0009_0182.JPG,42,4366,0.009620,0.000000,0.004810,否
E:\SURVEY\100_0009\100_0009_0183.JPG,44,4366,0.010078,0.000000,0.005039,是
E:\SURVEY\100_0009\100_0009_0184.JPG,41,4366,0.009391,0.000000,0.004695,否
E:\SURVEY\100_0009\100_0009_0185.JPG,41,4366,0.009391,0.000000,0.004695,否
E:\SURVEY\100_0009\100_0009_0186.JPG,43,4366,0.009849,0.000000,0.004924,否
E:\SURVEY\100_0009\100_0009_0187.JPG,43,4366,0.009849,0.000000,0.004924,否
E:\SURVEY\100_0009\100_0009_0188.JPG,41,4366,0.009391,0.000000,0.004695,否
E:\SURVEY\100_0009\100_0009_0189.JPG,41,4366,0.009391,0.000000,0.004695,否
E:\SURVEY\100_0009\100_0009_0190.JPG,42,4366,0.009620,0.000000,0.004810,否
E:\SURVEY\100_0009\100_0009_0191.JPG,42,4366,0.009620,0.000229,0.004924,否
E:\SURVEY\100_0009\100_0009_0192.JPG,41,4366,0.009391,0.000458,0.004924,否
E:\SURVEY\100_0009\100_0009_0193.JPG,41,4366,0.009391,0.000229,0.004810,是
